WindowGainTransformed,HDDAirToHeatTransformed,HeatLossThroughDoorsWindowsWallsRoofFloorTransformed,WindowGainNTransformed,WindowGainSTransformed,WindowGainETransformed,WindowGainWTransformed,LightingWattHoursTransformed,OccupancyHoursTransformed,PlugLoadWattHoursTransformed,RefrigeratorWattHoursTransformed,DishwasherWattHoursTransformed,ClotheswasherWattHoursTransformed,DryerWattHoursTransformed,StoveWattsHoursTransformed,Location_HDD,Location_Humidity,Location_Solar,RoofInsulationRTransformed,FloorInsulationRTransformed,ExposedAreaNTransformed,ExposedAreaSTransformed,ExposedAreaETransformed,ExposedAreaWTransformed,WallInsulationRTransformed,WindowAreaNTransformed,WindowAreaSTransformed,WindowAreaETransformed,WindowAreaWTransformed,DoorAreaNTransformed,DoorAreaSTransformed,DoorAreaETransformed,DoorAreaWTransformed,ExteriorDoorInsulationRTransformed,GlazingUTransformed,GlazingSHGCNorthTransformed,GlazingSHGCSouthTransformed,GlazingSHGCEastTransformed,GlaszingSHGCWestTransformed,VolumeTransformed,NorthWallSunExposureTransformed,SouthWallSunExposureTransformed,EastWallSunExposureTransformed,WestWallSunExposureTransformed,LightingHours,OccupancyHours,PlugLoadHours,DishwasherHours,ClotheswasherHours,StoveHours,DHWhours,NumberOfPeople,Gas,Name,CeilingBoundaryCondition,ClothesWasherWatts,DHWEff,DHWPeakFlow,DHWtype,DimX,DimZ,DishwasherWatts,DryerWatts,EastWallSunExposure,ExhaustFanEfficiency,ExhaustFanFlowRate,ExteriorDoorInsulationR,FloorBoundaryCondition,FloorInsulationR,FractionExE,FractionExN,FractionExS,FractionExW,FractionOpE,FractionOpN,FractionOpS,FractionOpW,FractionWinE,FractionWinN,FractionWinS,FractionWinW,GasStoveWatts,GlazingSHGCEast,GlazingSHGCNorth,GlazingSHGCSouth,GlazingSHGCWest,GlazingU,HeatingCOP,HeatingEff,HVACFanEfficiency,HVACtype,InfiltrationACH,InfiltrationCalcMethod,InfiltrationPerFloorArea,LightingWatts,NorthAxis,NorthWallSunExposure,OAflowperM2,PlugWattsPerM2,RefrigeratorWatts,RoofInsulationR,RoofMembraneSolarAbs,SouthWallSunExposure,SpaceType,StoveType,StoveWatts,VerticalOrigin,WallInsideLayer,WallInsulationR,WestWallSunExposure,Scored Labels,DeltaPercent
19349.6688,163840.32,77015.19998,4690.8288,0,5863.536,8795.304,80689.28,16753.5,221693.8752,1752000,292000,62700,1045000,219240,774,73.1,3878,1000,2,5.04,5.04,12.6,22.68,1.5,3.024,1.8144,1.89,4.536,2.016,1.2096,4.41,6.804,1.7,4,0.4,0.3,0.8,0.5,141.12,1,0,1,1,2573,7446,1314,730,209,365,156.6,2.25,13.390204,USA_TX_Houston-Bush.Intercontinental.AP.722430_TMY3,Adiabatic,300,0.9,0.000111,Gas,5.6,4.5,400,5000,SunExposed,0,0,1.7,Outdoors,2,0.5,0.2,0.2,0.9,0.5,1,0.6,0.5,0.3,0.6,0.6,0.4,3000,0.8,0.4,0.3,0.5,4,0,0.9,0.5,accool-gasheat,1.5,AirChanges/Hour,0,1,75,SunExposed,0.0006,5.38,200,1,0.3,NoSun,MF_2bedroom_senior,stoveelectric,1400,26,12IN Concrete HW,1.5,SunExposed,13.28354263,0.796562673
10794.4704,234446.4,112600.1713,10794.4704,0,0,0,1164577.5,23216,658560.375,2452800,219000,62700,1045000,307800,804,67.3,4462,7,1000,34.56,38.88,17.28,21.6,5,3.456,34.992,5.184,0,13.824,3.888,3.456,2.16,0.9,1.5,0.7,0.3,0.15,0,583.2,1,0,0,1,1278,5804,803,730,209,365,256.5,4,22.0695166,USA_TX_San.Antonio.Intl.AP.722530_TMY3,Outdoors,300,0.75,8.10E-05,Electricity,13.5,3.2,300,5000,NoSun,0,0,0.9,Adiabatic,10,0.4,0.8,0.9,0.5,0.5,0.5,1,0.1,0.6,0.2,0.9,0,3000,0.15,0.7,0.3,0.7,1.5,0,0.7,0.6,accool-gasheat,0.5,AirChanges/Hour,0,5,0,SunExposed,0.0004,4.5,280,7,0.2,NoSun,MF_3bedroom,stoveelectric,1200,10,G01a 19mm gypsum board,5,SunExposed,22.07154655,0.009197995
50496.0078,60993.45,97500.29833,5575.269,6690.3228,0,38230.416,557697.75,16753.5,617087.25,350400,219000,41800,522500,0.11424,804,67.3,4462,9,1000,2.975,11.9,0,29.75,3,2.0825,2.142,0,14.28,0,8.568,0,3.57,0.5,4,0.6,0.7,0,0.6,252.875,1,1,1,1,2573,7446,1314,730,209,365,156.6,2.25,13.617537,USA_TX_San.Antonio.Intl.AP.722530_TMY3,Outdoors,200,0.7,5.10E-05,Gas,8.5,3.5,300,2500,SunExposed,0,0,0.5,Adiabatic,2,0,0.1,0.4,1,0.9,0.7,0.9,0.6,0.6,1,0.2,0.8,3200,0.6,0.6,0.7,0.6,4,0,0.9,0.8,accool-gasheat,0.3,AirChanges/Hour,0,3,30,SunExposed,0.0008,6.5,40,9,0.8,SunExposed,MF_2bedroom_senior,stovegas,2000,0,8IN Concrete HW,3,SunExposed,14.62647247,7.409089273
35600.04,55728,112008.636,8376.48,0,9772.56,17451,276048,17412,751608,1051200,292000,104500,731500,0.30906,774,73.1,3878,1000,1.5,12,15,24,18,10,4.32,4.5,3.6,9,2.88,0,3.6,9,0.5,0.5,0.5,0.6,0.7,0.5,360,1,0,1,1,1278,5804,803,730,209,365,195.7,3,18.1326,USA_TX_Houston-Bush.Intercontinental.AP.722430_TMY3,Adiabatic,500,0.85,0.000101,Gas,12,2.5,400,3500,SunExposed,0,0,0.5,Outdoors,1.5,0.8,0.4,0.5,0.6,0.3,0.6,0.3,1,0.5,0.6,1,0.5,3600,0.7,0.5,0.6,0.5,0.5,0,1,0.9,accool-gasheat,0.2,AirChanges/Hour,0,1.5,60,SunExposed,0.0008,6.5,120,2,0,NoSun,MF_2bedroom,stovegas,1800,10,G01a 19mm gypsum board,10,SunExposed,20.05143356,10.5822307
0,273200.04,191766.191,0,0,0,0,260865.36,29020,105369.66,350400,292000,83600,940500,307800,694,70.9,4366,1000,0.5,0,24.3,4.86,38.88,8,0,17.01,0,23.328,0,0,0,15.552,2,5,0,0.6,0,0.15,262.44,0,0,0,0,1278,5804,803,730,209,365,256.5,5,28.86780397,USA_TX_Austin-Mueller.Muni.AP.722540_TMY3,Adiabatic,400,1,8.10E-05,Electricity,5.4,9,400,4500,NoSun,0,0,2,Outdoors,0.5,0.1,0,0.5,0.8,0,0.8,0.7,1,0.1,0.7,1,0.6,3600,0.4,0.2,0.6,0.15,5,0,1,0.6,accool-gasheat,1.5,AirChanges/Hour,0,7,0,NoSun,0.001,4.5,40,8,0.4,NoSun,MF_4bedroom,stoveelectric,1200,26,8IN Concrete HW,8,NoSun,28.80044174,0.233347254
0,4371840,711220.1067,0,0,0,0,8562944,11169,1809745.92,1051200,41700,31200,624000,126200,1265,64,4883,1000,3,100.8,100.8,100.8,28.8,2,0,0,0,23.04,30.24,90.72,80.64,0,0.7,1,0,0,0,0.4,2304,0,0,0,0,2573,7446,1314,417,156,256,126.2,1.5,366.893118,USA_TX_Dallas-Fort.Worth.Intl.AP.722590_TMY3,Adiabatic,200,0.8,9.10E-05,Gas,16,9,100,4000,NoSun,0,0,0.7,Ground,3,0.7,0.7,0.7,0.2,0.8,0.3,0.9,0.8,0,0,0,1,3400,0.2,0.4,0.1,0.4,1,0,0.7,0.6,accool-gasheat,1.5,AirChanges/Hour,0,13,45,NoSun,0.0001,5.38,120,0.1,1,NoSun,MF_1bedroom_senior,stoveelectric,1000,0,G01a 19mm gypsum board,2,NoSun,350.7704468,4.394378208
4679.65344,24513.468,88762.74563,0,4466.94192,212.71152,0,989655.16,38766,145329.5096,1051200,292000,104500,731500,461700,694,70.9,4366,7,1000,4.06,6.09,12.18,14.21,0.5,1.827,1.4616,0.4872,8.9523,1.827,3.4104,4.3848,0.9947,0.9,3,0.15,0.7,0.1,0.6,117.74,0,1,1,0,2263,6461,803,730,209,365,256.5,6,9.395984,USA_TX_Austin-Mueller.Muni.AP.722540_TMY3,Outdoors,500,0.75,6.10E-05,Gas,5.8,3.5,400,3500,SunExposed,0,0,0.9,Adiabatic,10,0.6,0.2,0.3,0.7,0.4,0.9,0.8,0.7,0.1,0.5,0.3,0.9,4000,0.1,0.15,0.7,0.6,3,0,0.7,0.6,accool-gasheat,0.3,AirChanges/Hour,0,13,0,NoSun,0.0008,5.38,120,7,1,SunExposed,MF_3bedroom_affordable,stoveelectric,1800,52,G01a 19mm gypsum board,0.5,NoSun,10.15742207,8.103867203
12656.736,291456,1941181.293,0,12656.736,0,0,3293440,16753.5,2186496,1401600,73000,41800,940500,281880,1265,64,4883,1000,1.5,14.4,72,14.4,28.8,0.1,4.32,4.32,0.72,2.016,2.88,38.88,0.72,0.864,0.7,0.5,0.2,0.6,0.2,0.3,2304,0,1,0,0,2573,7446,1314,730,209,365,156.6,2.25,63.690848,USA_TX_Dallas-Fort.Worth.Intl.AP.722590_TMY3,Adiabatic,200,0.85,5.10E-05,Electricity,16,9,100,4500,NoSun,0,0,0.7,Outdoors,1.5,0.1,0.1,0.5,0.2,0.1,0.5,0.6,0.1,0.5,0.6,0.1,0.7,3200,0.2,0.2,0.6,0.3,0.5,0,0.7,0.7,accool-gasheat,0.1,AirChanges/Hour,0,5,0,NoSun,0.0006,6.5,160,8,0.6,SunExposed,MF_2bedroom_senior,stoveelectric,1800,10,G01a 19mm gypsum board,0.1,NoSun,61.93592834,2.755371785
5393.79,4716000,773952.9905,5393.79,0,0,0,8146800,38766,1728056,1752000,182500,125400,731500,461700,1310,41,6659,2,6,9,90,63,9,1.5,4.05,22.5,0,0.54,4.05,22.5,0,2.16,1.4,7,0.2,0.15,0,0.7,1800,1,0,1,0,2263,6461,803,730,209,365,256.5,6,277.726044,USA_TX_El.Paso.Intl.AP.722700_TMY3,Outdoors,600,0.8,8.10E-05,Gas,20,4.5,250,3500,SunExposed,0,0,1.4,Outdoors,6,0.7,0.1,1,0.1,0,0.9,0.5,0.3,0.1,0.5,0.5,0.2,3000,0.15,0.2,0.15,0.7,7,0,0.95,0.7,accool-gasheat,2,AirChanges/Hour,0,9,89,SunExposed,0.0003,5.38,200,2,0.4,NoSun,MF_3bedroom_affordable,stoveelectric,1800,10,G01a 19mm gypsum board,1.5,NoSun,279.2973633,0.565780313
0,28296,60376.51294,0,0,0,0,46008,23216,130086,2102400,73000,62700,1045000,410400,1310,41,6659,1000,1000,18,10.8,28.8,32.4,9,2.16,3.888,0.288,0,8.64,0.432,2.592,6.48,1.7,4,0.4,0.15,0.4,0,216,0,0,0,1,1278,5804,803,730,209,365,256.5,4,9.656301,USA_TX_El.Paso.Intl.AP.722700_TMY3,Adiabatic,300,0.7,7.10E-05,Gas,6,6,100,5000,NoSun,0,0,1.7,Adiabatic,2,0.8,0.5,0.3,0.9,0.1,0.6,0.4,0.2,0.1,0.2,0.9,0,3600,0.4,0.4,0.15,0.4,4,0,1,0.7,accool-gasheat,0.1,AirChanges/Hour,0,1,45,NoSun,0.0002,4.5,240,4,1,NoSun,MF_3bedroom,stoveelectric,1600,52,12IN Concrete HW,9,SunExposed,9.772521973,1.203576532
1705.968,87436.8,77550.61248,0,1421.64,0,284.328,364976.64,25844,120257.28,2803200,219000,62700,940500,195700,506,76.7,3949,1000,1000,12,24,14.4,4.8,0.5,0.12,2.4,0,0.144,1.08,9.6,1.44,1.296,0.5,6,0.6,0.15,0,0.5,115.2,0,1,0,1,2263,6461,803,730,209,365,195.7,4,11.929044,USA_TX_Corpus.Christi.Intl.AP.722510_TMY3,Adiabatic,300,0.75,8.10E-05,Gas,4.8,5,300,4500,NoSun,0,0,0.5,Adiabatic,2,0.6,0.5,1,0.2,0.1,0.1,0.5,0.3,0,0.1,0.2,0.1,3600,0.4,0.6,0.15,0.5,6,0,0.95,0.9,accool-gasheat,1.5,AirChanges/Hour,0,7,75,NoSun,0.0003,6.5,320,8,0.1,SunExposed,MF_2bedroom_affordable,stoveelectric,1000,52,12IN Concrete HW,0.5,SunExposed,11.87034607,0.492058967
0,137713.75,450893.8125,0,0,0,0,1189489.375,16152.5,759738.375,350400,145950,31200,468000,0.18144,1310,41,6659,1,5,10.875,14.5,0,29,1,0.32625,1.16,0,0,0.76125,1.74,0,26.1,1,6,0.7,0.1,0,0,525.625,0,0,1,1,2263,6461,803,417,156,256,165.3,2.5,42.061851,USA_TX_El.Paso.Intl.AP.722700_TMY3,Outdoors,200,0.7,8.10E-05,Electricity,14.5,2.5,350,3000,SunExposed,0,0,1,Outdoors,5,0,0.3,0.4,0.8,0.7,0.1,0.2,0.9,1,0.3,0.4,0,3200,0.2,0.7,0.1,0.6,6,0,0.9,0.8,accool-gasheat,0.2,AirChanges/Hour,0,2.5,75,NoSun,0.0002,4.5,40,1,0.4,NoSun,MF_1bedroom_affordable,stovegas,1600,52,G01a 19mm gypsum board,1,SunExposed,40.45617676,3.817412225
42915.7575,645529.5,173534.724,0,16793.1225,0,26122.635,1031079.375,16152.5,951253.875,1752000,41700,78000,312000,0.369,506,76.7,3949,5,1000,47.25,47.25,42.525,33.075,4,8.505,14.175,1.701,16.5375,0.945,33.075,2.5515,0,2,6,0.8,0.3,0.6,0.4,637.875,0,1,0,1,2263,6461,803,417,156,256,165.3,2.5,44.777543,USA_TX_Corpus.Christi.Intl.AP.722510_TMY3,Outdoors,500,1,0.000123,Electricity,13.5,3.5,100,2000,NoSun,0,0,2,Adiabatic,6,0.9,1,1,0.7,0.1,0.2,1,0.5,0.4,0.9,0.3,1,3000,0.6,0.8,0.3,0.4,6,0,1,0.3,accool-gasheat,2,AirChanges/Hour,0,2.5,15,NoSun,0.0006,6.5,200,5,0.7,SunExposed,MF_1bedroom_affordable,stovegas,1800,26,8IN Concrete HW,4,SunExposed,43.35502625,3.176853082
3790.9152,416793.6,112450.5411,0,2056.0896,1734.8256,0,458257.5,51688,292693.5,2102400,219000,62700,522500,0.43681,804,67.3,4462,1000,1.5,28.8,14.4,2.88,25.92,10,2.304,2.304,2.592,0,9.216,9.216,0.288,20.736,1.4,7,0.7,0.2,0.15,0,259.2,0,1,1,0,2263,6461,803,730,209,365,256.5,8,28.181879,USA_TX_San.Antonio.Intl.AP.722530_TMY3,Adiabatic,300,0.95,0.000121,Electricity,9,3.2,300,2500,SunExposed,0,0,1.4,Outdoors,1.5,0.1,1,0.5,0.9,1,0.4,0.8,0.8,0.9,0.2,0.2,0,3800,0.15,0.7,0.2,0.4,7,3.8,0.8,0.3,accool-gasheat,2,AirChanges/Hour,0,2.5,75,NoSun,0.0001,4.5,240,6,0.8,SunExposed,MF_4bedroom_affordable,stovegas,1000,26,G01a 19mm gypsum board,10,NoSun,28.27745819,0.339151236
7172.1504,411283.125,1041231.394,0,2689.5564,0,4482.594,327003.5,16152.5,312130.115,1401600,125100,78000,624000,0.26208,1265,64,4883,0.1,1000,10.2,15.3,12.75,5.1,10,0,3.672,8.925,2.295,0,5.508,3.825,0.255,1.4,6,0,0.15,0.5,0.4,216.75,1,1,0,1,2263,6461,803,417,156,256,165.3,2.5,46.581372,USA_TX_Dallas-Fort.Worth.Intl.AP.722590_TMY3,Outdoors,500,0.9,9.10E-05,Gas,8.5,3,300,4000,NoSun,0,0,1.4,Adiabatic,5,0.5,0.4,0.6,0.2,1,0,0.6,0.5,0.7,0.1,0.4,0.9,3200,0.5,0.3,0.15,0.4,6,0,1,0.4,accool-gasheat,1.5,AirChanges/Hour,0,2,75,SunExposed,0.0001,5.38,160,0.1,0.4,SunExposed,MF_1bedroom_affordable,stovegas,2000,0,G01a 19mm gypsum board,10,SunExposed,46.74292374,0.346816183
776.388,84520.5,144401.9095,0,776.388,0,0,2378978.75,51688,759738.375,2102400,219000,104500,940500,410400,804,67.3,4462,9,9,29,7.25,43.5,43.5,7,2.61,0.435,9.135,3.045,0.29,1.015,21.315,1.305,1,6,0.15,0.4,0.5,0.5,1051.25,0,1,0,0,2263,6461,803,730,209,365,256.5,8,4.301833401,USA_TX_San.Antonio.Intl.AP.722530_TMY3,Outdoors,500,0.7,0.000111,Electricity,14.5,5,300,4500,NoSun,0,0,1,Outdoors,9,0.6,0.4,0.1,0.6,0.7,0.1,0.2,0.1,0.3,0.9,0.3,0.7,3800,0.5,0.15,0.4,0.5,6,0,0.9,0.7,accool-gasheat,0.1,AirChanges/Hour,0,5,0,NoSun,0.0002,4.5,240,9,0.8,SunExposed,MF_4bedroom_affordable,stoveelectric,1600,10,8IN Concrete HW,7,NoSun,4.263789654,0.884361236
0,30785.04,1099579.796,0,0,0,0,795489.76,38766,97709.04,2102400,292000,125400,418000,256500,1265,64,4883,1000,0.1,46.8,28.08,4.68,42.12,4,0,14.04,0.4212,22.7448,46.8,0,3.7908,2.5272,0.1,1,0,0.3,0.4,0.7,243.36,1,0,0,0,2263,6461,803,730,209,365,256.5,6,31.413791,USA_TX_Dallas-Fort.Worth.Intl.AP.722590_TMY3,Adiabatic,600,0.9,0.000111,Gas,5.2,9,400,2000,NoSun,0,0,0.1,Outdoors,0.1,0.1,1,0.6,0.9,0.9,1,0.5,0.6,0.1,0,1,0.9,3200,0.4,0.8,0.3,0.7,1,0,0.95,0.5,accool-gasheat,0.1,AirChanges/Hour,0,13,89,SunExposed,0.001,4.5,240,5,0.3,NoSun,MF_3bedroom_affordable,stoveelectric,1000,26,8IN Concrete HW,4,NoSun,28.29858589,9.916679933
9534.52836,70300.872,35281.22136,9109.422,425.10636,0,0,107479.8,23216,121558.14,1051200,73000,125400,940500,513000,774,73.1,3878,1000,3,26.1,5.22,15.66,36.54,9,4.698,0.1566,7.83,19.7316,3.132,1.4094,0,13.1544,2,0.5,0.5,0.7,0.2,0.3,302.76,1,1,0,0,1278,5804,803,730,209,365,256.5,4,7.56195,USA_TX_Houston-Bush.Intercontinental.AP.722430_TMY3,Adiabatic,600,0.95,4.10E-05,Gas,5.8,9,100,4500,NoSun,0,0,2,Outdoors,3,0.3,0.5,0.1,0.7,0.5,0.3,0.3,0.9,1,0.6,0.1,0.6,3800,0.2,0.5,0.7,0.3,0.5,0,0.9,0.5,accool-gasheat,0.3,AirChanges/Hour,0,2.5,15,SunExposed,0.0004,4.5,120,6,0.4,SunExposed,MF_3bedroom,stoveelectric,2000,26,G01a 19mm gypsum board,9,NoSun,8.958753586,18.47147344
7485.76896,100213.6,102056.3435,5574.5088,0,119.45376,1791.8064,230679,17412,326118.375,2452800,73000,104500,940500,0.31122,694,70.9,4366,2,1000,21.28,9.12,3.04,3.04,4,8.512,7.296,0.2736,1.368,8.512,0,0.6384,0.152,1.7,5,0.15,0.15,0.1,0.3,288.8,1,0,1,1,1278,5804,803,730,209,365,195.7,3,14.140119,USA_TX_Austin-Mueller.Muni.AP.722540_TMY3,Outdoors,500,0.95,9.10E-05,Electricity,9.5,3.2,100,4500,SunExposed,0,0,1.7,Adiabatic,6,0.1,0.7,0.3,0.1,0.3,0.8,0.8,0.5,0.3,0.5,1,0.9,3600,0.1,0.15,0.15,0.3,5,0,0.9,0.8,accool-gasheat,0.5,AirChanges/Hour,0,2,45,SunExposed,0.001,4.5,280,2,0.7,NoSun,MF_2bedroom,stovegas,1000,52,8IN Concrete HW,4,SunExposed,13.83379078,2.166376541
4626.2016,166717.44,111755.6443,0,0,4626.2016,0,323896.32,17412,120257.28,2102400,146000,62700,1045000,0.16592,804,67.3,4462,8,1000,2.16,21.6,21.6,19.44,8,0.4536,2.16,10.368,1.7496,0.1944,19.44,6.912,15.7464,1.7,7,0.5,0.15,0.1,0.8,103.68,0,0,1,0,1278,5804,803,730,209,365,195.7,3,23.835732,USA_TX_San.Antonio.Intl.AP.722530_TMY3,Outdoors,300,0.8,6.10E-05,Gas,4.8,4.5,200,5000,SunExposed,0,0,1.7,Adiabatic,4,1,0.1,1,0.9,0.8,0.3,1,0.9,0.6,0.7,0.1,0.1,3400,0.1,0.5,0.15,0.8,7,0,0.7,0.9,accool-gasheat,2,AirChanges/Hour,0,11,89,NoSun,0.0001,6.5,240,8,0.2,NoSun,MF_2bedroom,stovegas,1600,10,8IN Concrete HW,8,NoSun,23.35115623,2.032980423
5658.336,75888.9,336641.5543,5658.336,0,0,0,618647.625,38766,658560.375,1752000,182500,83600,731500,513000,694,70.9,4366,2,1,32.4,64.8,72.9,16.2,5,2.592,0,19.683,0,23.328,32.4,45.927,4.86,0.7,1,0.5,0,0.5,0,1093.5,1,1,0,1,2263,6461,803,730,209,365,256.5,6,41.643839,USA_TX_Austin-Mueller.Muni.AP.722540_TMY3,Outdoors,400,1,6.10E-05,Gas,13.5,6,250,3500,NoSun,0,0,0.7,Outdoors,1,0.9,0.4,0.8,0.2,0.9,0.8,0.5,0.3,0.3,0.1,0,0,3000,0.5,0.5,0.4,0.7,1,0,0.9,0.5,accool-gasheat,0.1,AirChanges/Hour,0,1.5,75,SunExposed,0.001,4.5,200,2,0,SunExposed,MF_3bedroom_affordable,stoveelectric,2000,52,G01a 19mm gypsum board,5,SunExposed,39.80157089,4.423867136
0,1330312.5,497763.9304,0,0,0,0,998437.5,11608,815546.875,700800,104250,46800,546000,0.34848,774,73.1,3878,8,9,6.875,68.75,41.25,20.625,9,6.1875,55,13.2,2.0625,0.6875,0,19.8,18.5625,0.7,7,0.2,0.8,0.8,0.2,859.375,0,0,0,0,1278,5804,803,417,156,256,134.9,2,126.353548,USA_TX_Houston-Bush.Intercontinental.AP.722430_TMY3,Outdoors,300,0.8,0.000121,Electricity,12.5,5.5,250,3500,NoSun,0,0,0.7,Outdoors,9,0.6,0.1,1,0.3,0.8,1,0.8,1,0.4,0.9,1,0.1,3600,0.8,0.2,0.8,0.2,7,0,1,0.95,accool-gasheat,2,AirChanges/Hour,0,5,45,NoSun,0.0008,6.5,80,8,0.1,NoSun,MF_1bedroom,stovegas,1600,10,G01a 19mm gypsum board,9,NoSun,125.9385986,0.328403415
12656.736,28462.5,42206.725,0,12656.736,0,0,735475,51688,130487.5,2803200,292000,62700,836000,410400,1265,64,4883,1000,1000,13.5,13.5,15,10.5,10,4.05,3.24,2.25,7.35,2.7,4.86,2.25,0,0.5,0.5,0.6,0.8,0.1,0.3,75,0,1,0,0,2263,6461,803,730,209,365,256.5,8,7.682591,USA_TX_Dallas-Fort.Worth.Intl.AP.722590_TMY3,Adiabatic,300,0.85,6.10E-05,Gas,5,3,400,4000,NoSun,0,0,0.5,Adiabatic,0.1,1,0.9,0.9,0.7,0.3,0.5,0.6,0.7,0.5,0.6,0.4,1,3600,0.1,0.6,0.8,0.3,0.5,0,0.95,0.95,accool-gasheat,0.3,AirChanges/Hour,0,13,75,NoSun,0.0004,6.5,320,1,0.5,SunExposed,MF_4bedroom_affordable,stoveelectric,1600,26,8IN Concrete HW,10,NoSun,7.625090122,0.748456839
16780.68,589500,168302.25,0,16780.68,0,0,319500,17412,361350,2803200,146000,125400,418000,273980,1310,41,6659,8,1000,90,45,54,9,5,14.4,3.6,18.9,0.45,3.6,5.4,18.9,0.45,1.4,1.5,0.1,0.7,0.5,0.1,900,0,1,0,0,1278,5804,803,730,209,365,195.7,3,38.617357,USA_TX_El.Paso.Intl.AP.722700_TMY3,Outdoors,600,0.7,8.10E-05,Gas,10,9,200,2000,NoSun,0,0,1.4,Adiabatic,1.5,0.6,1,0.5,0.1,0.7,0.2,0.2,0.1,0.5,0.8,0.4,0.5,3400,0.5,0.1,0.7,0.1,1.5,0,1,0.4,accool-gasheat,0.5,AirChanges/Hour,0,2.5,60,NoSun,0.0002,4.5,320,8,0.3,SunExposed,MF_2bedroom,stoveelectric,1400,26,8IN Concrete HW,5,NoSun,35.56545639,7.902924609
179.793,41920,849045.9333,0,0,0,179.793,724160,25844,334048,2803200,146000,62700,418000,0.24975,1310,41,6659,0.5,6,4,20,10,2,0.1,2.4,0.8,0.8,0.18,1.6,7.2,3.2,0.02,0.1,7,0.7,0.6,0.2,0.15,160,0,0,0,1,2263,6461,803,730,209,365,195.7,4,21.371142,USA_TX_El.Paso.Intl.AP.722700_TMY3,Outdoors,300,0.75,0.000111,Electricity,8,2.5,200,2000,NoSun,0,0,0.1,Outdoors,6,0.5,0.2,1,0.1,0.4,1,0.4,0.1,0.2,0.6,0.1,0.9,3000,0.2,0.7,0.6,0.15,7,0,0.95,0.8,accool-gasheat,0.2,AirChanges/Hour,0,5,75,NoSun,0.001,6.5,320,0.5,0.8,NoSun,MF_2bedroom_affordable,stovegas,1800,52,G01a 19mm gypsum board,0.1,SunExposed,21.74197006,1.735181313
2698.6176,123084.36,80987.724,0,0,0,2698.6176,186332.4,11608,105369.66,700800,83400,93600,780000,0.369,804,67.3,4462,6,2,13.23,1.89,17.01,3.78,1.5,6.615,0.6615,1.5309,0.756,6.615,0.6615,0.1701,1.134,0.9,5,0.5,0.5,0.2,0.8,102.06,0,0,0,1,1278,5804,803,417,156,256,134.9,2,15.777085,USA_TX_San.Antonio.Intl.AP.722530_TMY3,Outdoors,600,0.75,0.000123,Electricity,5.4,3.5,200,5000,NoSun,0,0,0.9,Outdoors,2,0.9,0.7,0.1,0.2,0.1,1,0.7,0.5,0.9,0.5,0.5,0.4,4000,0.2,0.5,0.5,0.8,5,0,0.7,0.6,accool-gasheat,1.5,AirChanges/Hour,0,5,75,NoSun,0.0004,4.5,80,6,0.1,NoSun,MF_1bedroom,stovegas,1600,0,12IN Concrete HW,1.5,SunExposed,14.47873116,8.229364579
37970.208,27324,128822.54,0,0,0,37970.208,138942,16753.5,254495.52,350400,219000,41800,522500,0.2272,1265,64,4883,1000,9,18,0,0,18,6,5.4,0,0,9.72,0,0,0,1.08,1,6,0.2,0,0,0.8,216,0,0,1,1,2573,7446,1314,730,209,365,156.6,2.25,13.351059,USA_TX_Dallas-Fort.Worth.Intl.AP.722590_TMY3,Adiabatic,200,1,7.10E-05,Gas,6,6,300,2500,SunExposed,0,0,1,Outdoors,9,0,0.5,0,0.5,0.4,0.3,0.3,0.6,0.3,1,0.5,0.9,3200,0.4,0.2,0.15,0.8,6,0,1,0.95,accool-gasheat,0.1,AirChanges/Hour,0,1.5,30,NoSun,0.001,5.38,40,0.1,0.2,NoSun,MF_2bedroom_senior,stovegas,2000,26,12IN Concrete HW,6,SunExposed,13.93638229,4.384096375
45113.376,148764,67707.62188,0,11941.776,0,33171.6,3256344,23216,846747.44,350400,292000,104500,836000,461700,506,76.7,3949,10,1000,0,56,0,70,8,0,20.16,0,28,0,2.24,0,42,1.7,1.5,0,0.15,0,0.3,980,0,1,0,1,1278,5804,803,730,209,365,256.5,4,2.818419384,USA_TX_Corpus.Christi.Intl.AP.722510_TMY3,Outdoors,500,0.85,7.10E-05,Electricity,14,5,400,4000,NoSun,0,0,1.7,Adiabatic,1.5,0,0,0.8,1,0.3,1,0.4,1,0.7,0.1,0.9,0.4,3600,0.7,0.3,0.15,0.3,1.5,4.2,1,0.3,accool-gasheat,0.3,AirChanges/Hour,0,13,30,NoSun,0.0001,5.38,40,10,0.4,SunExposed,MF_3bedroom,stoveelectric,1800,10,12IN Concrete HW,8,SunExposed,4.401407242,56.16580225
2635.9725,229453.75,56150.3255,0,0,0,2635.9725,897845.25,16152.5,477885.375,700800,41700,62400,390000,0.09184,694,70.9,4366,1000,1000,0,14.375,11.5,8.625,0.5,0,2.5875,10.35,6.0375,0,1.725,0,2.5875,2,0.5,0,0.2,0.2,0.1,330.625,0,0,0,1,2263,6461,803,417,156,256,165.3,2.5,21.548364,USA_TX_Austin-Mueller.Muni.AP.722540_TMY3,Adiabatic,400,0.7,4.10E-05,Gas,11.5,2.5,100,2500,NoSun,0,0,2,Adiabatic,9,0.4,0,0.5,0.3,0.9,0.9,0.3,1,1,0.6,0.6,0.7,3200,0.2,0.8,0.2,0.1,0.5,0,0.9,0.8,accool-gasheat,1,AirChanges/Hour,0,3,60,NoSun,0.0008,4.5,80,10,0.9,NoSun,MF_1bedroom_affordable,stovegas,1400,0,8IN Concrete HW,0.5,SunExposed,21.89230347,1.596127979
110469.5739,3196655,437424.9825,0,0,5260.4559,105209.118,922716,11608,1884239.5,2102400,41700,31200,312000,188860,1265,64,4883,1000,1000,26.6,19.95,6.65,66.5,9,7.182,7.182,1.7955,35.91,16.758,10.773,4.1895,3.99,0.5,5,0.2,0.1,0.6,0.6,1263.5,0,0,1,1,1278,5804,803,417,156,256,134.9,2,193.959074,USA_TX_Dallas-Fort.Worth.Intl.AP.722590_TMY3,Adiabatic,200,0.75,8.10E-05,Gas,19,3.5,100,2000,SunExposed,0,0,0.5,Adiabatic,0.5,0.1,0.4,0.3,1,0.9,0.9,0.9,0.6,0.3,0.3,0.4,0.9,3800,0.6,0.2,0.1,0.6,5,0,0.9,0.6,accool-gasheat,2,AirChanges/Hour,0,2,0,NoSun,0.0004,6.5,240,4,0.6,NoSun,MF_1bedroom,stoveelectric,1400,10,12IN Concrete HW,9,SunExposed,200.2173157,3.226578445
171630.6138,1505666.25,1067481.003,1819.4058,121293.72,48517.488,0,1859170.5,17412,690278.875,2102400,292000,125400,418000,0.3838,1265,64,4883,1000,1000,62.1,82.8,41.4,10.35,1.5,1.242,41.4,12.42,4.14,11.178,0,12.42,6.21,0.1,7,0.3,0.6,0.8,0.6,1190.25,1,1,1,0,1278,5804,803,730,209,365,195.7,3,89.691202,USA_TX_Dallas-Fort.Worth.Intl.AP.722590_TMY3,Adiabatic,600,0.95,0.000101,Electricity,11.5,9,400,2000,SunExposed,0,0,0.1,Adiabatic,0.5,0.4,0.6,0.8,0.1,0.6,0.2,0.5,1,0.5,0.1,1,0.4,4000,0.8,0.3,0.6,0.6,7,0,0.8,0.95,accool-gasheat,1,AirChanges/Hour,0,11,45,SunExposed,0.0002,6.5,240,5,0.9,SunExposed,MF_2bedroom,stovegas,1200,10,8IN Concrete HW,1.5,NoSun,92.81407166,3.481801543
0,160300.8,69151.478,0,0,0,0,814680,38766,520344,1401600,219000,41800,940500,0.20655,506,76.7,3949,8,9,19.8,52.8,39.6,0,8,7.92,0,8.316,0,7.92,52.8,3.564,0,1,1.5,0.1,0,0.6,0,792,0,1,0,0,2263,6461,803,730,209,365,256.5,6,21.33045,USA_TX_Corpus.Christi.Intl.AP.722510_TMY3,Outdoors,200,0.85,8.10E-05,Gas,12,5.5,300,4500,NoSun,0,0,1,Ground,9,0.6,0.3,0.8,0,0.3,0.8,1,0.6,0.7,0.5,0,0.1,3000,0.6,0.1,0.5,0.8,1.5,0,0.9,0.5,accool-gasheat,0.4,AirChanges/Hour,0,2.5,75,NoSun,0.0004,4.5,160,8,0.4,SunExposed,MF_3bedroom_affordable,stovegas,1800,10,G01a 19mm gypsum board,8,NoSun,20.33950806,4.645668251
21410.9784,53555.04,66066.8008,1476.6192,0,19934.3592,0,60117.12,17412,135479.5904,1051200,292000,83600,522500,195700,1265,64,4883,1000,1000,7.56,22.68,22.68,0,10,1.512,0,6.804,0,0,6.804,6.804,0,1,4,0.2,0,0.6,0,141.12,1,1,1,0,1278,5804,803,730,209,365,195.7,3,9.126964,USA_TX_Dallas-Fort.Worth.Intl.AP.722590_TMY3,Adiabatic,400,0.85,0.000111,Gas,5.6,4.5,400,2500,SunExposed,0,0,1,Adiabatic,0.5,0.9,0.3,0.9,0,0.6,0.2,0.3,0.9,0.5,1,0,0.2,3400,0.6,0.2,0.3,0.1,4,0,0.9,0.8,accool-gasheat,0.3,AirChanges/Hour,0,1.5,15,SunExposed,0.0004,5.38,120,8,0,SunExposed,MF_2bedroom,stoveelectric,1000,0,8IN Concrete HW,10,NoSun,9.443044662,3.463152287
0,106386.5,126271.0278,0,0,0,0,532891.24,38766,121558.14,1051200,292000,83600,418000,0.17442,1265,64,4883,1000,1000,11.6,0,14.5,1.45,7,4.176,0,0,0,0.464,0,8.7,0,0.1,1,0.5,0,0,0,84.1,0,1,0,1,2263,6461,803,730,209,365,256.5,6,7.571957,USA_TX_Dallas-Fort.Worth.Intl.AP.722590_TMY3,Adiabatic,400,0.95,5.10E-05,Electricity,5.8,2.5,400,2000,NoSun,0,0,0.1,Adiabatic,10,1,0.8,0,0.1,0.6,0.4,0.1,0,0,0.9,1,0,3600,0.5,0.5,0.1,0.4,1,0,0.9,0.6,accool-gasheat,1,AirChanges/Hour,0,7,0,NoSun,0.0001,4.5,120,9,0.9,SunExposed,MF_3bedroom_affordable,stovegas,1600,10,G01a 19mm gypsum board,7,SunExposed,7.721927643,1.980606108
6267.393,321009.7,220933.165,0,0,6267.393,0,6185344.75,16152.5,908309.435,350400,41700,62400,780000,0.1394,694,70.9,4366,2,1000,55.825,15.95,47.85,23.925,4,0,4.3065,14.355,2.3925,27.9125,10.0485,0,21.5325,2,7,0,0.15,0.1,0.1,1156.375,1,0,1,0,2263,6461,803,417,156,256,165.3,2.5,22.365252,USA_TX_Austin-Mueller.Muni.AP.722540_TMY3,Outdoors,400,0.85,4.10E-05,Electricity,14.5,5.5,100,5000,SunExposed,0,0,2,Adiabatic,4,0.6,0.7,0.2,0.3,0.3,0.5,0.9,1,1,0,0.3,0.1,4000,0.1,0.3,0.15,0.1,7,0,0.95,0.4,accool-gasheat,0.4,AirChanges/Hour,0,13,45,SunExposed,0.0004,5.38,40,2,0.9,NoSun,MF_1bedroom_affordable,stovegas,1400,26,12IN Concrete HW,4,NoSun,22.9808979,2.752689321
19661.3568,1172232,470220.0891,2313.1008,17348.256,0,0,733212,38766,1170774,2102400,109500,41800,940500,0.2952,804,67.3,4462,3,1000,21.6,43.2,37.8,21.6,7,2.592,25.92,9.45,2.592,6.048,0,9.45,6.048,0.1,6,0.2,0.15,0.15,0.3,972,1,1,0,0,2263,6461,803,730,209,365,256.5,6,107.554873,USA_TX_San.Antonio.Intl.AP.722530_TMY3,Outdoors,200,0.75,0.000123,Electricity,18,3,150,4500,NoSun,0,0,0.1,Adiabatic,2,0.7,0.4,0.8,0.4,0.5,0.4,0.6,0.4,0.5,0.3,1,0.3,3200,0.15,0.2,0.15,0.3,6,0,0.9,0.9,accool-gasheat,1.5,AirChanges/Hour,0,1,30,SunExposed,0.0008,4.5,240,3,0.6,SunExposed,MF_3bedroom_affordable,stovegas,1200,26,G01a 19mm gypsum board,7,NoSun,108.8284073,1.184078649
846.9552,36408.96,122949.126,586.3536,0,0,260.6016,166330.5,38766,255755.5,1051200,109500,62700,940500,0.37392,774,73.1,3878,0.5,1000,2.24,6.72,4.48,4.48,1,1.008,3.024,2.1504,0.448,1.008,0.336,1.4336,4.032,0.7,5,0.15,0.15,0.5,0.15,156.8,1,0,0,1,2263,6461,803,730,209,365,256.5,6,16.27904,USA_TX_Houston-Bush.Intercontinental.AP.722430_TMY3,Outdoors,300,0.95,0.000123,Gas,7,3.2,150,4500,NoSun,0,0,0.7,Adiabatic,2,0.2,0.1,0.3,0.2,0.8,0.9,0.5,1,0.6,0.5,0.9,0.1,3200,0.5,0.15,0.15,0.15,5,0,1,0.8,accool-gasheat,0.3,AirChanges/Hour,0,1.5,60,SunExposed,0.0003,6.5,120,0.5,1,NoSun,MF_3bedroom_affordable,stovegas,1800,26,12IN Concrete HW,1,SunExposed,16.49258232,1.311762372
29016.5925,307031.25,148543.0833,0,6991.95,22024.6425,0,1060781.25,51688,675021.875,1051200,182500,62700,418000,0.16524,1310,41,6659,1000,2,26.25,7.5,26.25,3.75,10,4.2,5.25,5.5125,0,1.05,2.25,2.3625,0,0.9,1.5,0.7,0.2,0.6,0,468.75,0,1,1,1,2263,6461,803,730,209,365,256.5,8,12.956605,USA_TX_El.Paso.Intl.AP.722700_TMY3,Adiabatic,300,0.9,5.10E-05,Electricity,12.5,3,250,2000,SunExposed,0,0,0.9,Outdoors,2,0.7,0.7,0.2,0.1,0.3,0.2,1,0,0.7,0.8,0.7,0.7,3600,0.6,0.7,0.2,0.5,1.5,0,1,0.6,accool-gasheat,0.5,AirChanges/Hour,0,3,60,NoSun,0.0008,5.38,120,10,0.5,SunExposed,MF_4bedroom_affordable,stovegas,2000,10,8IN Concrete HW,10,SunExposed,14.38233757,11.0039055
6361.0272,1273536,201475.2113,0,0,0,6361.0272,3584592,16152.5,751608,2102400,104250,78000,624000,264480,804,67.3,4462,10,1000,26.4,39.6,39.6,26.4,8,0,0,24.948,14.256,0,27.72,2.772,9.504,1.7,5,0,0,0.7,0.1,792,1,1,0,1,2263,6461,803,417,156,256,165.3,2.5,79.611431,USA_TX_San.Antonio.Intl.AP.722530_TMY3,Outdoors,500,0.95,0.000121,Electricity,12,5.5,250,4000,NoSun,0,0,1.7,Adiabatic,2,0.6,0.4,0.6,0.4,0.7,0,0.7,0.9,0.9,0.8,0,0.6,3200,0.7,0.1,0.7,0.1,5,0,0.95,0.7,accool-gasheat,2,AirChanges/Hour,0,11,30,SunExposed,0.0002,6.5,240,10,0.3,SunExposed,MF_1bedroom_affordable,stoveelectric,1600,0,8IN Concrete HW,8,SunExposed,78.5734024,1.303868781
39698.2944,18109.44,70108.6848,32218.9056,4027.3632,3452.0256,0,177845.76,16753.5,162877.1328,700800,219000,62700,627000,156600,1310,41,6659,1000,1000,10.08,2.88,1.44,2.88,9,8.064,0.864,0.864,0,2.016,0,0.576,0,1,5,0.6,0.7,0.6,0,69.12,1,1,1,0,2573,7446,1314,730,209,365,156.6,2.25,0.011342195,USA_TX_El.Paso.Intl.AP.722700_TMY3,Adiabatic,300,0.85,0.000101,Electricity,4.8,3,300,3000,SunExposed,0,0,1,Adiabatic,2,0.1,0.7,0.2,0.2,1,1,0.3,0,0.6,0.8,1,0.9,3000,0.6,0.6,0.7,0.4,5,0,1,0.3,accool-gasheat,0.2,AirChanges/Hour,0,3,45,SunExposed,0.0001,5.38,80,4,0.3,SunExposed,MF_2bedroom_senior,stoveelectric,1000,0,12IN Concrete HW,9,NoSun,0,100
2798.79138,101564.28,251469.2165,0,1272.1779,0,1526.61348,825315.48,16753.5,172423.08,2452800,109500,83600,627000,0.2457,774,73.1,3878,4,0.1,0,7.29,12.15,21.87,6,0,3.2805,0,1.9683,0,3.2805,0,4.5927,0.7,1.5,0,0.1,0,0.2,131.22,0,1,1,1,2573,7446,1314,730,209,365,156.6,2.25,16.9946,USA_TX_Houston-Bush.Intercontinental.AP.722430_TMY3,Outdoors,400,0.75,9.10E-05,Gas,5.4,4.5,150,3000,SunExposed,0,0,0.7,Outdoors,0.1,0.5,0,0.3,0.9,0,0.2,0.9,0.3,0.6,0.3,0.5,0.3,3600,0.1,0.7,0.1,0.2,1.5,0,1,0.6,accool-gasheat,1,AirChanges/Hour,0,11,0,NoSun,0.0002,4.5,280,4,0.6,SunExposed,MF_2bedroom_senior,stovegas,1600,26,8IN Concrete HW,6,SunExposed,16.20165634,4.665856557
7927.95744,33778.368,21620.21769,7355.8368,0,572.12064,0,173934.8,11169,159887.52,1752000,41700,31200,546000,0.3078,694,70.9,4366,1000,1000,28.08,0,9.36,15.6,6,8.424,0,1.3104,1.872,8.424,0,5.2416,1.248,1.4,1,0.2,0,0.1,0.3,162.24,1,0,1,0,2573,7446,1314,417,156,256,126.2,1.5,4.001695,USA_TX_Austin-Mueller.Muni.AP.722540_TMY3,Adiabatic,200,1,8.10E-05,Electricity,5.2,6,100,3500,SunExposed,0,0,1.4,Adiabatic,2,0.3,0.9,0,0.5,0.7,0.6,0.1,0.2,0.2,0.5,0.7,0.6,3800,0.1,0.2,0.2,0.3,1,0,0.8,0.8,accool-gasheat,0.3,AirChanges/Hour,0,2.5,75,SunExposed,0.0006,4.5,200,10,1,NoSun,MF_1bedroom_senior,stovegas,1400,52,12IN Concrete HW,6,NoSun,3.945813656,1.396441861
13611.005,72956.75,188287.8346,0,5064.56,0,8546.445,537399,17412,1097399.875,2803200,219000,62700,627000,313120,694,70.9,4366,1000,1000,25.375,14.5,18.125,36.25,1.5,14.21,5.8,9.7875,13.05,3.5525,1.45,1.0875,19.575,0.7,4,0.5,0.2,0.7,0.15,525.625,0,1,0,1,1278,5804,803,730,209,365,195.7,3,11.15420624,USA_TX_Austin-Mueller.Muni.AP.722540_TMY3,Adiabatic,300,0.7,6.10E-05,Electricity,14.5,2.5,300,3000,NoSun,0,0,0.7,Adiabatic,9,0.5,0.7,0.4,1,0.6,0.7,0.5,0.9,0.9,0.8,0.8,0.4,3200,0.7,0.5,0.2,0.15,4,3.2,0.9,0.5,accool-gasheat,0.2,AirChanges/Hour,0,2,60,NoSun,0.0002,6.5,320,1,1,SunExposed,MF_2bedroom,stoveelectric,1600,52,12IN Concrete HW,1.5,SunExposed,11.06680202,0.783598686
65721.2416,317030.4,1488174.665,57183.4368,5559.5008,0,2978.304,1448320,16152.5,925056,1401600,41700,46800,624000,297540,774,73.1,3878,1000,1000,57.6,51.2,0,64,0.1,18.432,2.048,0,2.56,4.608,18.432,0,23.04,1.4,7,0.8,0.7,0,0.3,1024,1,1,0,1,2263,6461,803,417,156,256,165.3,2.5,31.875266,USA_TX_Houston-Bush.Intercontinental.AP.722430_TMY3,Adiabatic,300,0.95,5.10E-05,Electricity,16,4,100,4000,NoSun,0,0,1.4,Adiabatic,1,0,0.9,0.8,1,0.3,0.4,0.4,0.4,0.7,0.8,0.1,0.1,4000,0.2,0.8,0.7,0.3,7,0,0.9,0.3,accool-gasheat,0.4,AirChanges/Hour,0,2.5,45,SunExposed,0.0003,4.5,160,1,0.2,SunExposed,MF_1bedroom_affordable,stoveelectric,1800,52,8IN Concrete HW,0.1,SunExposed,31.84455299,0.096353725
30612.648,877404,233785.156,16111.92,0,0,14500.728,6692373,16753.5,1708857,2102400,219000,62700,522500,0.3838,506,76.7,3949,1000,1000,40.8,47.6,13.6,34,5,8.16,0,3.264,18.36,8.16,4.76,7.616,2.04,0.1,7,0.5,0,0.1,0.2,1156,1,1,0,1,2573,7446,1314,730,209,365,156.6,2.25,65.978148,USA_TX_Corpus.Christi.Intl.AP.722510_TMY3,Adiabatic,300,1,0.000101,Gas,17,4,300,2500,NoSun,0,0,0.1,Adiabatic,1,0.2,0.6,0.7,0.5,0.8,0.4,0.1,0.6,0.3,0.5,0,0.9,3800,0.1,0.5,0.1,0.2,7,0,0.95,0.6,accool-gasheat,1.5,AirChanges/Hour,0,9,75,SunExposed,0.0008,4.5,240,3,0.5,SunExposed,MF_2bedroom_senior,stovegas,1800,0,12IN Concrete HW,5,SunExposed,68.03666687,3.120000989
6856.1064,292234.8,218854.4222,6856.1064,0,0,0,428340.64,51688,97709.04,1051200,255500,41800,1045000,359100,1310,41,6659,4,9,25.74,0,11.44,20.02,10,5.148,0,0.572,0,7.722,0,5.148,0,0.1,4,0.2,0,0.4,0,148.72,1,1,0,1,2263,6461,803,730,209,365,256.5,8,26.299319,USA_TX_El.Paso.Intl.AP.722700_TMY3,Outdoors,200,0.7,0.000111,Gas,5.2,5.5,350,5000,NoSun,0,0,0.1,Outdoors,9,0.4,0.9,0,0.7,0.5,0.5,0.8,0,0.1,0.4,0.9,0.8,3200,0.4,0.2,0.1,0.8,4,0,0.8,0.8,accool-gasheat,1.5,AirChanges/Hour,0,7,45,SunExposed,0.0006,4.5,120,4,0,SunExposed,MF_4bedroom_affordable,stoveelectric,1400,10,G01a 19mm gypsum board,10,SunExposed,27.52505684,4.660720831
14782.4028,137793.7,160915.351,0,0,0,14782.4028,2246593.25,25844,326118.375,350400,109500,125400,522500,273980,694,70.9,4366,8,1000,41.8,20.9,0,47.025,1.5,2.508,0,0,22.572,1.672,14.63,0,5.643,1,5,0.3,0,0,0.15,496.375,0,1,0,1,2263,6461,803,730,209,365,195.7,4,13.9896887,USA_TX_Austin-Mueller.Muni.AP.722540_TMY3,Outdoors,600,0.9,0.000123,Electricity,9.5,5.5,150,2500,NoSun,0,0,1,Adiabatic,7,0,0.8,0.4,0.9,0.7,0.1,0.7,0.6,0.4,0.6,0,0.8,3600,0.5,0.3,0.8,0.15,5,0,0.95,0.9,accool-gasheat,0.4,AirChanges/Hour,0,11,45,NoSun,0.001,4.5,40,8,0,SunExposed,MF_2bedroom_affordable,stoveelectric,1400,0,12IN Concrete HW,1.5,SunExposed,13.4651556,3.749426535
930.72,725625,212008.275,0,0,930.72,0,3182343.75,16152.5,675021.875,2452800,62550,78000,780000,0.404,774,73.1,3878,1000,1000,40,30,20,0,1,28.8,12,1.6,0,7.2,12,0.4,0,1.4,4,0.5,0.3,0.15,0,625,0,0,1,0,2263,6461,803,417,156,256,165.3,2.5,47.747073,USA_TX_Houston-Bush.Intercontinental.AP.722430_TMY3,Adiabatic,500,1,0.000101,Electricity,12.5,4,150,5000,SunExposed,0,0,1.4,Adiabatic,3,0.4,0.8,0.6,0,0.1,0.9,0.8,0,0.8,0.8,0.5,0.1,4000,0.15,0.5,0.3,0.1,4,0,1,0.7,accool-gasheat,1.5,AirChanges/Hour,0,9,45,NoSun,0.0001,5.38,280,0.1,0.4,NoSun,MF_1bedroom_affordable,stovegas,1400,0,8IN Concrete HW,1,NoSun,48.47774124,1.530289074
68320.665,1220501.25,643337.276,68320.665,0,0,0,1189489.375,16152.5,908309.435,2102400,41700,46800,780000,165300,774,73.1,3878,1000,9,65.25,65.25,58,50.75,6,58.725,31.32,16.24,10.6575,6.525,20.88,6.96,24.8675,0.1,1.5,0.3,0.4,0.15,0.8,1051.25,1,0,0,0,2263,6461,803,417,156,256,165.3,2.5,105.90004,USA_TX_Houston-Bush.Intercontinental.AP.722430_TMY3,Adiabatic,300,0.8,0.000101,Gas,14.5,5,100,5000,NoSun,0,0,0.1,Outdoors,9,0.8,0.9,0.9,0.7,0.4,1,0.8,0.7,0.7,0.9,0.6,0.3,3800,0.15,0.3,0.4,0.8,1.5,0,1,0.6,accool-gasheat,1.5,AirChanges/Hour,0,2.5,0,SunExposed,0.0001,5.38,240,1,0.6,NoSun,MF_1bedroom_affordable,stoveelectric,1000,26,12IN Concrete HW,6,NoSun,105.1046677,0.751059524
25840.836,309925,815740.31,0,25840.836,0,0,126077,11169,346396.68,1051200,83400,93600,546000,126200,1265,64,4883,0.1,1000,8.75,10.5,10.5,5.25,8,0,7.56,0.63,3.78,7,0.84,1.47,0.945,0.1,4,0,0.7,0.8,0.3,122.5,1,1,0,0,2573,7446,1314,417,156,256,126.2,1.5,31.34090349,USA_TX_Dallas-Fort.Worth.Intl.AP.722590_TMY3,Outdoors,600,0.75,0.000101,Electricity,7,2.5,200,3500,NoSun,0,0,0.1,Adiabatic,0.5,0.6,0.5,0.6,0.3,0.2,0.8,0.8,0.9,0.3,0,0.9,0.8,3600,0.8,0.15,0.7,0.3,4,0,0.95,0.9,accool-gasheat,2,AirChanges/Hour,0,1,30,SunExposed,0.001,5.38,120,0.1,0.1,SunExposed,MF_1bedroom_senior,stoveelectric,1000,52,12IN Concrete HW,8,NoSun,30.16884613,3.739705094
25589.52,142312.5,474318.075,0,25589.52,0,0,179718.75,29020,243007.875,2803200,146000,83600,1045000,461700,506,76.7,3949,1000,8,26.25,30,7.5,0,0.1,18.9,16.2,3.6,0,2.1,10.8,0.9,0,0.1,4,0.1,0.4,0.6,0,281.25,0,1,0,0,1278,5804,803,730,209,365,256.5,5,17.424289,USA_TX_Corpus.Christi.Intl.AP.722510_TMY3,Adiabatic,400,0.95,9.10E-05,Gas,7.5,5,200,5000,NoSun,0,0,0.1,Outdoors,8,0.2,0.7,0.8,0,0.6,0.8,0.9,0.6,0.8,0.9,0.6,0.6,3000,0.6,0.1,0.4,0.6,4,0,0.95,0.9,accool-gasheat,1,AirChanges/Hour,0,2.5,30,NoSun,0.0002,5.38,320,10,0.8,SunExposed,MF_4bedroom,stoveelectric,1800,26,8IN Concrete HW,0.1,NoSun,18.41985321,5.713657587
29351.20725,663187.5,719563.35,0,0,29126.466,224.74125,431325,17412,813037.5,350400,182500,41800,940500,195700,1310,41,6659,1000,1.5,0,60.75,60.75,6.75,4,0,18.225,29.16,0.3375,0,12.15,19.44,0.3375,0.1,1,0,0.15,0.15,0.1,1012.5,1,0,1,1,1278,5804,803,730,209,365,195.7,3,72.797039,USA_TX_El.Paso.Intl.AP.722700_TMY3,Adiabatic,200,0.7,4.10E-05,Gas,15,4.5,250,4500,SunExposed,0,0,0.1,Outdoors,1.5,0.9,0,0.9,0.1,0.8,0,0.5,0.1,0.6,0,0.6,0.5,3800,0.15,0.3,0.15,0.1,1,0,0.8,0.9,accool-gasheat,0.5,AirChanges/Hour,0,1.5,60,SunExposed,0.0006,4.5,40,2,1,NoSun,MF_2bedroom,stoveelectric,1000,26,12IN Concrete HW,4,SunExposed,74.90313721,2.893109714
0,108437.5,75233.9375,0,0,0,0,199687.5,17412,675021.875,1051200,182500,125400,1045000,273980,694,70.9,4366,1000,1000,3.125,0,12.5,18.75,4,2.5,0,2.5,13.5,0.625,0,10,3.375,2,5,0.15,0,0.8,0.7,390.625,0,0,0,0,1278,5804,803,730,209,365,195.7,3,14.760935,USA_TX_Austin-Mueller.Muni.AP.722540_TMY3,Adiabatic,600,0.95,9.10E-05,Gas,12.5,2.5,250,5000,NoSun,0,0,2,Adiabatic,2,0.4,0.1,0,0.6,1,1,0.6,0.9,0.2,0.8,0.4,0.8,4000,0.8,0.15,0.5,0.7,5,0,0.95,0.4,accool-gasheat,0.4,AirChanges/Hour,0,1,0,NoSun,0.0006,5.38,120,9,0.3,NoSun,MF_2bedroom,stoveelectric,1400,10,12IN Concrete HW,4,NoSun,15.0944519,2.259456493
16684.7904,1101710,2882703.361,0,0,9269.328,7415.4624,1352433.125,16753.5,1243208.25,1401600,146000,62700,522500,0.1476,1310,41,6659,0.1,1000,5.8,0,23.2,17.4,6,0,0,13.92,2.784,1.74,0,0,4.176,0.9,5,0,0,0.1,0.4,841,1,1,1,1,2573,7446,1314,730,209,365,156.6,2.25,157.648078,USA_TX_El.Paso.Intl.AP.722700_TMY3,Outdoors,300,0.9,4.10E-05,Electricity,14.5,4,200,2500,SunExposed,0,0,0.9,Adiabatic,5,0.4,0.1,0,0.3,0.6,0.3,0,0.4,1,0,1,0.4,4000,0.1,0.6,0.7,0.4,5,0,0.8,0.4,accool-gasheat,1,AirChanges/Hour,0,2.5,89,SunExposed,0.0003,4.5,160,0.1,0.1,SunExposed,MF_2bedroom_senior,stovegas,1200,10,G01a 19mm gypsum board,6,SunExposed,159.8000183,1.365027939
29931.096,271752,100494.6113,22274.304,6496.672,1160.12,0,286835.25,16152.5,152670.375,700800,104250,46800,312000,0.15616,804,67.3,4462,7,1000,26,18.2,13,7.8,1.5,12.48,1.82,0.65,2.184,8.32,1.82,5.85,0.936,0.7,3,0.4,0.8,0.4,0.5,169,1,1,1,0,2263,6461,803,417,156,256,165.3,2.5,18.166424,USA_TX_San.Antonio.Intl.AP.722530_TMY3,Outdoors,300,0.8,6.10E-05,Electricity,6.5,4,250,2000,SunExposed,0,0,0.7,Adiabatic,2,0.5,1,0.7,0.3,0.5,0.8,0.2,0.4,0.1,0.6,0.5,0.7,3200,0.4,0.4,0.8,0.5,3,0,0.95,0.5,accool-gasheat,2,AirChanges/Hour,0,3,15,SunExposed,0.0008,4.5,80,7,0.4,SunExposed,MF_1bedroom_affordable,stovegas,2000,0,12IN Concrete HW,1.5,NoSun,19.00508308,4.616533689
2121.876,281070,140269.0989,0,0,2121.876,0,6598908,51688,1170774,2102400,73000,125400,1045000,0.1911,694,70.9,4366,1000,4,45,31.5,27,4.5,1.5,0,2.205,2.43,1.215,31.5,0.945,0.27,2.835,1.4,4,0,0.4,0.2,0.3,810,1,0,1,0,2263,6461,803,730,209,365,256.5,8,33.7298,USA_TX_Austin-Mueller.Muni.AP.722540_TMY3,Adiabatic,600,0.7,9.10E-05,Gas,18,2.5,100,5000,SunExposed,0,0,1.4,Outdoors,4,0.6,1,0.7,0.1,0.1,0.7,0.1,0.9,0.9,0,0.7,0.3,3000,0.2,0.7,0.4,0.3,4,0,0.7,0.9,accool-gasheat,0.5,AirChanges/Hour,0,9,75,SunExposed,0.001,4.5,240,9,0.4,NoSun,MF_4bedroom_affordable,stovegas,1400,52,G01a 19mm gypsum board,1.5,NoSun,34.80191803,3.178548434
0,283746,356538.5829,0,0,0,0,922716,29020,1559570.54,2452800,255500,83600,627000,410400,1310,41,6659,4,5,5.7,11.4,51.3,5.7,1,0.399,4.104,3.078,0.855,0.171,2.736,12.312,0.855,0.7,1.5,0.3,0.2,0.2,0.3,1083,0,0,0,0,1278,5804,803,730,209,365,256.5,5,44.224651,USA_TX_El.Paso.Intl.AP.722700_TMY3,Outdoors,400,0.8,9.10E-05,Electricity,19,3,350,3000,NoSun,0,0,0.7,Outdoors,5,0.9,0.1,0.2,0.1,0.3,0.1,0.6,0.3,0.2,0.7,0.6,0.5,3000,0.2,0.3,0.2,0.3,1.5,4.5,0.9,0.4,accool-gasheat,0.2,AirChanges/Hour,0,2,15,NoSun,0.0008,5.38,280,4,0.4,NoSun,MF_4bedroom,stoveelectric,1600,0,12IN Concrete HW,1,NoSun,40.58005905,8.241086964
1819.6992,81972,504093.392,0,0,0,1819.6992,458257.5,51688,292693.5,1051200,292000,41800,1045000,0.17385,506,76.7,3949,1,0.1,28.8,3.6,28.8,14.4,9,0,0,20.736,1.152,0,1.44,5.184,1.728,0.9,4,0,0,0.6,0.4,324,1,0,0,1,2263,6461,803,730,209,365,256.5,8,19.274236,USA_TX_Corpus.Christi.Intl.AP.722510_TMY3,Outdoors,200,0.95,6.10E-05,Electricity,9,4,400,5000,NoSun,0,0,0.9,Outdoors,0.1,0.8,0.8,0.1,0.4,0.9,0,0.4,0.2,0.8,0.9,0,0.4,3000,0.6,0.7,0.5,0.4,4,0,1,0.9,accool-gasheat,0.5,AirChanges/Hour,0,2.5,60,SunExposed,0.001,4.5,120,1,0.5,NoSun,MF_4bedroom_affordable,stovegas,1600,26,12IN Concrete HW,9,SunExposed,19.27922821,0.025900951
43908.7572,136197.6,222430.3903,0,43290.324,618.4332,0,684557.5,38766,631559.5,2452800,73000,104500,940500,461700,804,67.3,4462,7,8,30.8,34.65,7.7,0,0.5,0,13.86,0.462,0,27.72,20.79,4.158,0,2,5,0,0.7,0.3,0,423.5,0,1,1,0,2263,6461,803,730,209,365,256.5,6,15.334935,USA_TX_San.Antonio.Intl.AP.722530_TMY3,Outdoors,500,0.75,0.000121,Gas,11,3.5,100,4500,SunExposed,0,0,2,Outdoors,8,0.2,0.8,0.9,0,0.6,0.9,1,0.6,0.1,0,0.4,0.9,3400,0.3,0.15,0.7,0.2,5,0,1,0.95,accool-gasheat,0.4,AirChanges/Hour,0,2.5,15,NoSun,0.0008,6.5,280,7,0.4,SunExposed,MF_3bedroom_affordable,stoveelectric,1800,26,G01a 19mm gypsum board,0.5,NoSun,14.22080612,7.265298993
0,90450,11261.025,0,0,0,0,381881.25,51688,243007.875,2803200,73000,62700,836000,0.22725,804,67.3,4462,1000,7,0,7.5,0,15,5,0,0,0,0.15,0,0,0,1.35,1.4,3,0,0,0,0.1,281.25,0,1,1,0,2263,6461,803,730,209,365,256.5,8,4.7304,USA_TX_San.Antonio.Intl.AP.722530_TMY3,Adiabatic,300,0.75,0.000101,Electricity,7.5,5,100,4000,SunExposed,0,0,1.4,Outdoors,7,0,0,0.2,0.4,0.1,0.1,0,0.1,0.7,0.9,1,0.1,3000,0.8,0.7,0.3,0.1,3,3.2,0.95,0.6,accool-gasheat,0.4,AirChanges/Hour,0,3,0,NoSun,0.0004,5.38,320,1,0.5,SunExposed,MF_4bedroom_affordable,stovegas,1000,10,12IN Concrete HW,5,NoSun,3.919372082,17.14501772
12419.44704,14281.344,681043.2922,0,2388.3552,0,10031.09184,496773.76,38766,163683.52,2803200,255500,125400,1045000,513000,506,76.7,3949,8,1000,25.2,15.12,40.32,35.28,0.1,0,3.024,16.9344,8.4672,15.12,4.536,11.2896,5.6448,0.9,5,0,0.2,0.1,0.3,282.24,0,1,0,1,2263,6461,803,730,209,365,256.5,6,18.198218,USA_TX_Corpus.Christi.Intl.AP.722510_TMY3,Outdoors,600,0.85,6.10E-05,Gas,5.6,9,350,5000,NoSun,0,0,0.9,Adiabatic,1.5,0.8,0.5,0.3,0.7,0.7,0.6,0.5,0.4,0.6,0,0.4,0.6,3400,0.1,0.5,0.2,0.3,5,0,0.8,0.5,accool-gasheat,0.1,AirChanges/Hour,0,7,75,NoSun,0.0004,6.5,320,8,1,SunExposed,MF_3bedroom_affordable,stoveelectric,2000,10,G01a 19mm gypsum board,0.1,SunExposed,21.85872078,20.1146221
0,445824,1165254.511,0,0,0,0,8562944,16753.5,1513728,1752000,219000,83600,940500,250560,774,73.1,3878,6,1000,0,72,50.4,21.6,0.1,0,4.32,0,0,0,10.08,0,17.28,1.7,1.5,0,0.7,0,0,1152,0,0,1,1,2573,7446,1314,730,209,365,156.6,2.25,28.416111,USA_TX_Houston-Bush.Intercontinental.AP.722430_TMY3,Outdoors,400,0.75,8.10E-05,Electricity,16,4.5,300,4500,SunExposed,0,0,1.7,Adiabatic,6,0.7,0,1,0.3,0,0.1,0.2,0.8,0.1,0,0.3,0,3400,0.8,0.15,0.7,0.8,1.5,0,1,0.95,accool-gasheat,0.5,AirChanges/Hour,0,13,30,NoSun,0.0004,4.5,200,6,1,NoSun,MF_2bedroom_senior,stoveelectric,1600,10,8IN Concrete HW,0.1,SunExposed,27.487854,3.266657412
5647.8576,224439.6,97932.96178,0,5647.8576,0,0,6556004,16753.5,1158948,1752000,182500,62700,940500,313200,694,70.9,4366,1000,1000,38.5,53.9,61.6,23.1,9,0.385,6.468,0.616,9.24,3.465,9.702,5.544,0,0.9,6,0.2,0.2,0.4,0.1,1078,0,1,0,0,2573,7446,1314,730,209,365,156.6,2.25,14.836252,USA_TX_Austin-Mueller.Muni.AP.722540_TMY3,Adiabatic,300,0.7,0.000121,Gas,14,5.5,250,4500,NoSun,0,0,0.9,Adiabatic,4,0.8,0.5,0.7,0.3,0.1,0.1,0.3,0.4,0.1,0.1,0.4,1,3600,0.4,0.2,0.2,0.1,6,0,0.9,0.4,accool-gasheat,0.3,AirChanges/Hour,0,13,60,NoSun,0.0003,4.5,200,5,1,SunExposed,MF_2bedroom_senior,stoveelectric,2000,0,G01a 19mm gypsum board,9,NoSun,15.07825947,1.631190061
7660.1385,68380.2,49358.77782,7379.0325,0,281.106,0,458257.5,16152.5,349931.34,700800,145950,62400,624000,264480,804,67.3,4462,1000,1000,31.5,25.2,3.15,18.9,8,11.025,0,0.126,0,11.025,0,0.504,0,1.7,4,0.15,0,0.5,0,283.5,1,0,1,1,2263,6461,803,417,156,256,165.3,2.5,12.740529,USA_TX_San.Antonio.Intl.AP.722530_TMY3,Adiabatic,400,0.7,0.000111,Gas,9,3.5,350,4000,SunExposed,0,0,1.7,Adiabatic,8,0.1,1,0.8,0.6,0.2,0.7,0,0,0.2,0.5,0.3,0.2,3000,0.5,0.15,0.7,0.8,4,0,0.8,0.6,accool-gasheat,0.3,AirChanges/Hour,0,2.5,75,SunExposed,0.0003,5.38,80,7,0.5,NoSun,MF_1bedroom_affordable,stoveelectric,1600,10,8IN Concrete HW,8,SunExposed,12.7435751,0.02390871
4979.352,87075,38306.55,1628.76,3350.592,0,0,321625,11169,213525,700800,166800,31200,702000,0.21658,774,73.1,3878,6,1000,10.5,6,15,12,5,1.05,2.88,1.5,9.6,1.05,0.72,1.5,0,0.5,2,0.4,0.3,0.15,0.7,75,1,1,0,0,2573,7446,1314,417,156,256,126.2,1.5,14.802328,USA_TX_Houston-Bush.Intercontinental.AP.722430_TMY3,Outdoors,200,0.7,9.10E-05,Gas,5,3,400,4500,NoSun,0,0,0.5,Adiabatic,6,1,0.7,0.4,0.8,0.2,0.2,0.6,0.8,0.5,0.5,0.8,1,3400,0.15,0.4,0.3,0.7,2,0,0.8,0.8,accool-gasheat,1.5,AirChanges/Hour,0,5,30,SunExposed,0.0001,6.5,80,6,0.5,SunExposed,MF_1bedroom_senior,stovegas,1200,10,G01a 19mm gypsum board,5,NoSun,14.36843109,2.931274788
223632.5265,340731,1222968.84,0,48903.696,0,174728.8305,1308014,25844,1044301.5,1051200,146000,104500,627000,195700,1310,41,6659,1000,0.5,45.9,45.9,76.5,107.1,6,0,9.18,0,37.485,0,36.72,76.5,16.065,1.7,5,0,0.8,0,0.7,2601,1,1,1,1,2263,6461,803,730,209,365,195.7,4,60.21146,USA_TX_El.Paso.Intl.AP.722700_TMY3,Adiabatic,500,0.95,7.10E-05,Gas,17,9,200,3000,SunExposed,0,0,1.7,Outdoors,0.5,0.5,0.3,0.3,0.7,1,0,1,0.5,0,0.2,0.2,0.7,3400,0.7,0.3,0.8,0.7,5,0,0.8,0.5,accool-gasheat,0.1,AirChanges/Hour,0,2,15,SunExposed,0.0006,4.5,120,4,0.6,SunExposed,MF_2bedroom_affordable,stoveelectric,1000,26,12IN Concrete HW,6,SunExposed,57.88877487,3.8575466
11843.7165,114798.75,135338.2839,0,0,0,11843.7165,1369115,16152.5,437233.5,350400,41700,46800,702000,0.1632,1265,64,4883,5,10,22,0,11,5.5,8,15.84,0,6.6,3.465,3.96,0,4.4,1.485,0.7,2,0.3,0,0.2,0.7,302.5,0,1,0,1,2263,6461,803,417,156,256,165.3,2.5,20.439703,USA_TX_Dallas-Fort.Worth.Intl.AP.722590_TMY3,Outdoors,300,0.8,5.10E-05,Electricity,11,2.5,100,4500,NoSun,0,0,0.7,Outdoors,10,0.4,0.8,0,0.2,1,0.9,0.6,0.9,0.6,0.8,0.9,0.7,4000,0.2,0.3,0.2,0.7,2,0,0.7,0.8,accool-gasheat,0.3,AirChanges/Hour,0,5,45,NoSun,0.0004,4.5,40,5,0.6,SunExposed,MF_1bedroom_affordable,stovegas,1000,26,8IN Concrete HW,8,SunExposed,19.58244705,4.194072429
85081.392,469631.25,2974652.895,15469.344,0,26104.518,43507.53,1018350,51688,972031.5,700800,219000,125400,627000,256500,1265,64,4883,10,0.1,66,24.75,49.5,24.75,6,15.84,1.98,8.91,11.1375,10.56,0.495,0.99,11.1375,1.7,1,0.2,0.3,0.6,0.8,1237.5,1,0,1,1,2263,6461,803,730,209,365,256.5,8,31.28204091,USA_TX_Dallas-Fort.Worth.Intl.AP.722590_TMY3,Outdoors,600,0.85,4.10E-05,Electricity,15,5.5,300,3000,SunExposed,0,0,1.7,Ground,0.1,0.6,0.8,0.3,0.3,0.2,0.4,0.1,0.9,0.9,0.6,0.8,0.5,3200,0.6,0.2,0.3,0.8,1,0,0.8,0.7,accool-gasheat,0.3,AirChanges/Hour,0,2,15,SunExposed,0.0002,5.38,80,10,0.7,NoSun,MF_4bedroom_affordable,stoveelectric,1000,52,G01a 19mm gypsum board,6,SunExposed,34.09378052,8.988350918
9514.3872,22208,194576.086,9430.56,0,83.8272,0,415350,17412,90337.5,2452800,182500,62700,731500,0.30704,694,70.9,4366,1000,5,14.4,8,3.2,14.4,5,7.2,0.56,0.192,0,7.2,0.24,0.768,12.96,0.1,7,0.3,0.5,0.1,0,80,1,0,1,1,1278,5804,803,730,209,365,195.7,3,14.374296,USA_TX_Austin-Mueller.Muni.AP.722540_TMY3,Adiabatic,300,0.95,0.000101,Gas,5,3.2,250,3500,SunExposed,0,0,0.1,Outdoors,5,0.2,0.9,0.5,0.9,0.3,1,0.1,0.9,0.2,0.5,0.7,0,3200,0.1,0.3,0.5,0.5,7,0,0.9,0.3,accool-gasheat,0.4,AirChanges/Hour,0,13,30,SunExposed,0.0003,4.5,280,6,0.8,NoSun,MF_2bedroom,stovegas,1200,0,8IN Concrete HW,5,SunExposed,14.89196014,3.601318242
1855.2996,433356,98919.29133,0,0,0,1855.2996,156555,17412,255755.5,2803200,182500,41800,940500,391400,804,67.3,4462,1000,9,15.4,30.8,26.95,15.4,1,2.464,0.924,0.539,2.772,0.616,2.156,4.851,1.848,0.5,1.5,0.4,0.1,0.4,0.15,269.5,0,0,0,1,1278,5804,803,730,209,365,195.7,3,26.67328241,USA_TX_San.Antonio.Intl.AP.722530_TMY3,Adiabatic,200,0.8,0.000123,Electricity,7,5.5,250,4500,NoSun,0,0,0.5,Outdoors,9,0.7,0.4,0.8,0.4,0.2,0.2,0.1,0.3,0.1,0.8,0.3,0.6,3600,0.4,0.4,0.1,0.15,1.5,0,0.95,0.9,accool-gasheat,2,AirChanges/Hour,0,2.5,45,NoSun,0.0008,6.5,320,9,0.9,NoSun,MF_2bedroom,stoveelectric,2000,52,8IN Concrete HW,1,SunExposed,27.18389893,1.914336999
6227.41504,195923.2,26411.7832,6227.41504,0,0,0,821469,51688,631559.5,1051200,292000,83600,940500,0.22032,506,76.7,3949,1000,1000,24.64,17.6,0,10.56,1.5,1.9712,0,0,0,0.4928,0,0,0,0.1,6,0.8,0,0,0,387.2,1,0,0,0,2263,6461,803,730,209,365,256.5,8,8.920445,USA_TX_Corpus.Christi.Intl.AP.722510_TMY3,Adiabatic,400,0.85,8.10E-05,Electricity,11,3.2,400,4500,NoSun,0,0,0.1,Adiabatic,9,0,0.7,0.5,0.3,0.2,0.1,0,0,0.2,0.8,0.3,0.1,3200,0.8,0.8,0.15,0.5,6,0,1,0.8,accool-gasheat,1,AirChanges/Hour,0,3,30,SunExposed,0.0001,6.5,120,3,0.6,NoSun,MF_4bedroom_affordable,stovegas,1000,10,8IN Concrete HW,1.5,NoSun,7.944665432,10.93868712
0,217958.4,243717.12,0,0,0,0,490752,11608,1105955.84,1401600,83400,78000,780000,0.39852,774,73.1,3878,4,1000,26.4,61.6,44,0,5,14.784,49.28,0,0,3.696,12.32,0,0,0.5,3,0.2,0.2,0,0,1408,0,0,1,1,1278,5804,803,417,156,256,134.9,2,44.697094,USA_TX_Houston-Bush.Intercontinental.AP.722430_TMY3,Outdoors,500,0.9,0.000123,Electricity,16,5.5,200,5000,SunExposed,0,0,0.5,Adiabatic,8,0.5,0.3,0.7,0,0,0.7,1,0.2,1,0.8,0.8,0.5,3600,0.3,0.2,0.2,0.8,3,0,0.95,0.95,accool-gasheat,0.2,AirChanges/Hour,0,1.5,60,NoSun,0.001,5.38,160,4,0.4,NoSun,MF_1bedroom,stovegas,2000,26,12IN Concrete HW,5,SunExposed,41.62104034,6.88199921
34232.5872,509328,255135.6,0,0,4027.3632,30205.224,2070360,17412,1399725.36,1051200,292000,83600,940500,0.153,1310,41,6659,10,4,14.4,43.2,7.2,36,5,0,0,2.016,15.12,8.64,0,0.864,10.08,2,3,0,0,0.3,0.3,1296,1,1,1,1,1278,5804,803,730,209,365,195.7,3,42.232541,USA_TX_El.Paso.Intl.AP.722700_TMY3,Outdoors,400,0.75,5.10E-05,Electricity,18,4,400,4500,SunExposed,0,0,2,Outdoors,4,0.1,0.2,0.6,0.5,0.4,0.6,0,0.7,0.7,0,0.5,0.6,4000,0.3,0.7,0.15,0.3,3,0,0.95,0.9,accool-gasheat,0.3,AirChanges/Hour,0,5,45,SunExposed,0.0006,5.38,120,10,0.7,SunExposed,MF_2bedroom,stovegas,1400,10,G01a 19mm gypsum board,5,SunExposed,39.76964951,5.831738835
0,29305.8,55726.98988,0,0,0,0,931662,11608,292693.5,1051200,104250,62400,390000,0.22032,804,67.3,4462,1000,1000,36.45,4.05,16.2,24.3,2,8.748,0.324,1.62,2.187,5.832,1.296,0,19.683,1.7,1,0.8,0.6,0.8,0.5,364.5,0,0,0,0,1278,5804,803,417,156,256,134.9,2,5.669934,USA_TX_San.Antonio.Intl.AP.722530_TMY3,Adiabatic,400,0.8,8.10E-05,Electricity,9,4.5,250,2500,NoSun,0,0,1.7,Adiabatic,1,0.4,0.9,0.1,0.6,0.1,0.4,0.4,0.9,1,0.6,0.2,0.1,3400,0.8,0.8,0.6,0.5,1,3.8,0.8,0.4,accool-gasheat,0.1,AirChanges/Hour,0,9,15,NoSun,0.001,4.5,120,7,0.6,NoSun,MF_1bedroom,stovegas,1000,0,G01a 19mm gypsum board,2,NoSun,6.275019646,10.67182873
74445.966,156735,4734267.75,70676.55,0,3769.416,0,287550,23216,813037.5,2452800,292000,83600,731500,256500,774,73.1,3878,1000,0.1,121.5,121.5,27,67.5,0.1,121.5,85.05,1.62,0,0,36.45,1.08,0,0.5,2,0.15,0.6,0.6,0,2025,1,0,1,1,1278,5804,803,730,209,365,256.5,4,118.8017871,USA_TX_Houston-Bush.Intercontinental.AP.722430_TMY3,Adiabatic,400,0.9,8.10E-05,Electricity,15,9,400,3500,SunExposed,0,0,0.5,Outdoors,0.1,0.2,0.9,0.9,0.5,0.1,1,1,0,0.6,1,0.7,0.4,3400,0.6,0.15,0.6,0.5,2,0,0.7,0.95,accool-gasheat,0.1,AirChanges/Hour,0,1,60,SunExposed,0.0001,4.5,280,9,0.4,NoSun,MF_3bedroom,stoveelectric,1000,26,8IN Concrete HW,0.1,SunExposed,135.1917419,13.79605073
58775.92875,557865,162826.9207,0,0,0,58775.92875,2245461.75,16152.5,476295.435,1752000,125100,78000,468000,0.16592,506,76.7,3949,0.5,1000,47.25,5.25,26.25,47.25,5,4.2525,1.05,11.8125,29.7675,0.4725,0,1.3125,3.3075,0.9,1.5,0.3,0.3,0.7,0.5,551.25,0,0,0,1,2263,6461,803,417,156,256,165.3,2.5,40.990264,USA_TX_Corpus.Christi.Intl.AP.722510_TMY3,Outdoors,500,0.85,6.10E-05,Gas,10.5,5,300,3000,NoSun,0,0,0.9,Adiabatic,0.5,0.5,0.9,0.1,0.9,0.5,0.1,0.2,0.7,0.9,0.9,1,0.9,3200,0.7,0.3,0.3,0.5,1.5,0,1,0.6,accool-gasheat,2,AirChanges/Hour,0,9,15,NoSun,0.0008,5.38,200,0.5,0.9,NoSun,MF_1bedroom_affordable,stovegas,1600,26,8IN Concrete HW,5,SunExposed,40.95672989,0.081809942
2337.309,49812.75,33664.0525,0,2337.309,0,0,701941.5,11608,152670.375,2102400,62550,78000,390000,0.16898,1310,41,6659,4,1000,0,2.925,14.625,20.475,10,0,2.34,0,2.457,0,0,0,5.733,1.4,1.5,0,0.15,0,0.8,190.125,0,1,1,0,1278,5804,803,417,156,256,134.9,2,3.57408,USA_TX_El.Paso.Intl.AP.722700_TMY3,Outdoors,500,0.7,7.10E-05,Electricity,6.5,4.5,150,2500,SunExposed,0,0,1.4,Adiabatic,9,0.5,0,0.1,0.7,0,0,0.8,0.4,0.1,0.5,1,0.3,3400,0.5,0.1,0.15,0.8,1.5,0,1,0.6,accool-gasheat,0.2,AirChanges/Hour,0,13,75,NoSun,0.001,4.5,240,4,0.4,SunExposed,MF_1bedroom,stovegas,1600,52,12IN Concrete HW,10,NoSun,3.78157568,5.805568979
696.072,10870.08,25879.98816,626.4648,0,69.6072,0,208721.76,16753.5,191154.4128,1051200,255500,83600,522500,281880,804,67.3,4462,1000,4,2.6,13,7.8,0,1,0.468,1.17,0.078,0,0.312,0.13,0.702,0,1,0.5,0.3,0.8,0.2,0,135.2,1,0,1,1,2573,7446,1314,730,209,365,156.6,2.25,0.000135565,USA_TX_San.Antonio.Intl.AP.722530_TMY3,Adiabatic,400,0.8,0.000123,Electricity,5.2,5,350,2500,SunExposed,0,0,1,Outdoors,4,0.3,0.1,0.5,0,0.1,0.3,0.1,0.4,0.1,0.6,0.9,0,3600,0.2,0.3,0.8,0.5,0.5,0,0.8,0.3,accool-gasheat,0.1,AirChanges/Hour,0,3,60,SunExposed,0.0001,5.38,120,9,0.9,NoSun,MF_2bedroom_senior,stoveelectric,1800,10,G01a 19mm gypsum board,1,SunExposed,0.245603606,181070.3656
52245.27,199237.5,31592.84349,52245.27,0,0,0,144731.25,11169,332606.25,1401600,83400,62400,624000,0.31968,506,76.7,3949,9,7,21,0,13.125,0,6,18.9,0,7.35,0,2.1,0,3.15,0,1.7,1.5,0.7,0,0.6,0,196.875,1,1,0,0,2573,7446,1314,417,156,256,126.2,1.5,10.666713,USA_TX_Corpus.Christi.Intl.AP.722510_TMY3,Outdoors,400,0.8,0.000111,Electricity,7.5,3.5,200,4000,NoSun,0,0,1.7,Ground,7,0.5,0.8,0,0,0.8,1,0.1,0,0.7,0.9,0,1,3600,0.6,0.7,0.6,0.7,1.5,0,0.9,0.6,accool-gasheat,2,AirChanges/Hour,0,1,60,SunExposed,0.0004,4.5,160,9,0.9,SunExposed,MF_1bedroom_senior,stovegas,2000,10,8IN Concrete HW,6,NoSun,10.84896374,1.708593242
0,101185.2,60935.976,0,0,0,0,1042065,16753.5,572614.92,2102400,292000,62700,627000,0.26866,694,70.9,4366,1000,1000,4.05,28.35,28.35,20.25,10,2.268,9.9225,0,3.0375,0.567,4.2525,14.175,7.0875,1.4,4,0.5,0.6,0,0.5,364.5,0,0,0,0,2573,7446,1314,730,209,365,156.6,2.25,19.52565,USA_TX_Austin-Mueller.Muni.AP.722540_TMY3,Adiabatic,300,0.7,0.000101,Gas,9,4.5,400,3000,NoSun,0,0,1.4,Adiabatic,1.5,0.7,0.1,0.7,0.5,0.5,0.7,0.5,0.5,0,0.8,0.7,0.3,3800,0.15,0.5,0.6,0.5,4,0,0.95,0.95,accool-gasheat,0.4,AirChanges/Hour,0,5,89,NoSun,0.001,5.38,240,4,1,NoSun,MF_2bedroom_senior,stovegas,1400,52,G01a 19mm gypsum board,10,NoSun,18.33862114,6.079330831
21125.8112,1026168,132964.8729,13000.4992,3250.1248,4875.1872,0,1511874,23216,730103.66,1752000,146000,125400,1045000,0.34485,1265,64,4883,1000,1000,41.6,20.8,20.8,0,4,3.328,1.664,4.992,0,29.952,2.496,1.248,0,1.4,6,0.8,0.4,0.2,0,540.8,1,1,1,0,1278,5804,803,730,209,365,256.5,4,61.50304,USA_TX_Dallas-Fort.Worth.Intl.AP.722590_TMY3,Adiabatic,600,0.75,0.000121,Gas,13,3.2,200,5000,SunExposed,0,0,1.4,Adiabatic,1.5,0.5,1,0.5,0,0.3,0.8,0.2,0.3,0.8,0.1,0.4,0.5,3800,0.2,0.8,0.4,0.6,6,0,0.9,0.4,accool-gasheat,1.5,AirChanges/Hour,0,7,89,SunExposed,0.0002,5.38,200,9,0,SunExposed,MF_3bedroom,stovegas,1800,26,12IN Concrete HW,4,NoSun,62.83634186,2.167863341
9283.932,62868.15,1423757.714,0,0,0,9283.932,510589.375,38766,326118.375,2452800,146000,125400,522500,359100,774,73.1,3878,1000,0.1,85.5,42.75,42.75,34.2,0.5,69.255,0,2.565,11.97,7.695,0,1.71,11.97,0.9,6,0.15,0,0.7,0.2,812.25,0,1,0,1,2263,6461,803,730,209,365,256.5,6,87.440006,USA_TX_Houston-Bush.Intercontinental.AP.722430_TMY3,Adiabatic,600,0.9,4.10E-05,Gas,9.5,9,200,2500,NoSun,0,0,0.9,Outdoors,0.1,0.5,1,0.5,0.4,0.1,0.9,0,0.7,0.6,0.9,0.2,0.5,3000,0.7,0.15,0.8,0.2,6,0,0.7,0.95,accool-gasheat,0.1,AirChanges/Hour,0,2.5,0,NoSun,0.0008,4.5,280,7,0.9,SunExposed,MF_3bedroom_affordable,stoveelectric,1400,52,G01a 19mm gypsum board,0.5,SunExposed,84.36738586,3.513975211
7165.0656,32384,96168.86893,7165.0656,0,0,0,257300,16753.5,591300,1401600,255500,62700,836000,0.3838,506,76.7,3949,1,1.5,9.6,22.4,6.4,3.2,7,6.048,10.08,0,1.6,2.592,10.08,1.92,0,1.7,0.5,0.3,0.4,0,0.7,320,1,0,0,0,2573,7446,1314,730,209,365,156.6,2.25,16.497729,USA_TX_Corpus.Christi.Intl.AP.722510_TMY3,Outdoors,300,0.95,0.000101,Gas,10,3.2,350,4000,NoSun,0,0,1.7,Outdoors,1.5,0.2,0.3,0.7,0.1,0.3,0.9,0.9,0.5,0,0.7,0.5,1,4000,0.6,0.3,0.4,0.7,0.5,0,1,0.5,accool-gasheat,0.2,AirChanges/Hour,0,1,30,SunExposed,0.0008,4.5,160,1,0.9,NoSun,MF_2bedroom_senior,stovegas,1000,10,G01a 19mm gypsum board,7,NoSun,17.12820625,3.821600252
6510.9504,2321952,210636.3994,0,6104.016,406.9344,0,5997654,29020,1559570.54,1401600,146000,41800,522500,307800,804,67.3,4462,1000,2,0,76,45.6,0,2,0,2.28,0.456,0,0,20.52,4.104,0,1.4,1,0,0.6,0.2,0,1444,1,1,1,0,1278,5804,803,730,209,365,256.5,5,199.719571,USA_TX_San.Antonio.Intl.AP.722530_TMY3,Adiabatic,200,0.85,4.10E-05,Electricity,19,4,200,2500,SunExposed,0,0,1.4,Outdoors,2,0.6,0,1,0,0.1,0.9,0.3,0.8,0.1,0.3,0.1,0.1,3200,0.2,0.8,0.6,0.4,1,0,0.7,0.9,accool-gasheat,2,AirChanges/Hour,0,13,0,SunExposed,0.0006,5.38,160,2,0.3,SunExposed,MF_4bedroom,stoveelectric,1200,26,12IN Concrete HW,2,NoSun,200.7942963,0.538117151
2590.9389,82996.65,70520.02941,0,0,0,2590.9389,937858.5,11169,1556597.25,1401600,83400,46800,780000,201920,506,76.7,3949,10,1000,24.3,72.9,12.15,36.45,2,0,6.561,3.2805,4.374,0,59.049,0.3645,10.206,1.7,0.5,0,0.1,0.6,0.15,1640.25,1,0,0,1,2573,7446,1314,417,156,256,126.2,1.5,4.916537561,USA_TX_Corpus.Christi.Intl.AP.722510_TMY3,Outdoors,300,0.75,6.10E-05,Electricity,13.5,9,200,5000,NoSun,0,0,1.7,Adiabatic,7,0.1,0.2,0.6,0.3,0.3,0,0.9,0.4,0.9,0,0.1,0.3,3200,0.6,0.8,0.1,0.15,0.5,0,1,0.7,accool-gasheat,0.1,AirChanges/Hour,0,2,75,SunExposed,0.0008,6.5,160,10,0.6,NoSun,MF_1bedroom_senior,stoveelectric,1600,10,8IN Concrete HW,2,SunExposed,3.849842548,21.69606149
0,274824,155065.2605,0,0,0,0,244404,25844,187902,1051200,182500,41800,940500,391400,694,70.9,4366,1000,7,26.4,29.7,9.9,19.8,0.5,0,0,3.465,12.672,0,17.82,3.465,3.168,1.7,2,0,0,0.1,0.6,198,0,1,0,0,2263,6461,803,730,209,365,195.7,4,30.767988,USA_TX_Austin-Mueller.Muni.AP.722540_TMY3,Adiabatic,200,0.9,0.000121,Gas,6,5.5,250,4500,NoSun,0,0,1.7,Outdoors,7,0.3,0.8,0.9,0.6,0.7,0,0.6,0.8,0.5,0.1,0,0.8,4000,0.1,0.6,0.6,0.6,2,3,0.8,0.95,accool-gasheat,2,AirChanges/Hour,0,3,75,NoSun,0.0004,6.5,120,7,0.5,SunExposed,MF_2bedroom_affordable,stoveelectric,2000,10,12IN Concrete HW,0.5,NoSun,32.74728775,6.432984017
7701.624,612108,1393021.784,7701.624,0,0,0,5547388,11169,1674036,700800,41700,31200,312000,176680,694,70.9,4366,4,1000,44.1,12.6,25.2,63,0.1,17.64,8.064,4.536,18.9,0,2.016,0.504,18.9,0.1,6,0.1,0.8,0.1,0.2,882,1,0,0,0,2573,7446,1314,417,156,256,126.2,1.5,72.4287915,USA_TX_Austin-Mueller.Muni.AP.722540_TMY3,Outdoors,200,1,0.000121,Electricity,14,4.5,100,2000,NoSun,0,0,0.1,Adiabatic,0.1,0.4,0.7,0.2,1,0.2,0.4,0.8,0.6,0.9,1,0.8,0.5,3200,0.1,0.1,0.8,0.2,6,0,0.9,0.95,accool-gasheat,1,AirChanges/Hour,0,11,15,SunExposed,0.0001,6.5,80,4,0.2,NoSun,MF_1bedroom_senior,stoveelectric,1400,10,12IN Concrete HW,0.1,NoSun,73.9916153,2.157738329
60410.448,1909980,2509573.338,60410.448,0,0,0,2562070.5,11608,787345.515,1401600,125100,78000,390000,0.2268,1310,41,6659,0.1,1000,37.8,5.4,10.8,48.6,9,15.12,1.512,0.216,0,22.68,0.648,0.864,0,1.7,4,0.6,0.7,0.1,0,729,1,0,0,1,1278,5804,803,417,156,256,134.9,2,110.327559,USA_TX_El.Paso.Intl.AP.722700_TMY3,Outdoors,500,0.7,8.10E-05,Gas,13.5,4,300,2500,NoSun,0,0,1.7,Adiabatic,3,0.2,0.7,0.1,0.9,0.1,1,0.4,0,0.2,0.4,0.7,0,4000,0.1,0.6,0.7,0.1,4,0,0.95,0.3,accool-gasheat,2,AirChanges/Hour,0,11,75,SunExposed,0.0006,5.38,160,0.1,0.9,NoSun,MF_1bedroom,stovegas,2000,10,8IN Concrete HW,9,SunExposed,108.7153397,1.461302465
37255.3368,4021435,1280128.135,0,0,27393.63,9861.7068,4801446,29020,1508435.5,700800,219000,41800,627000,513000,1265,64,4883,5,1,93.5,65.45,28.05,84.15,5,52.36,2.618,14.025,3.366,13.09,10.472,0,30.294,0.1,1,0.3,0.15,0.4,0.6,1589.5,0,0,1,1,1278,5804,803,730,209,365,256.5,5,294.16664,USA_TX_Dallas-Fort.Worth.Intl.AP.722590_TMY3,Outdoors,200,0.85,0.000123,Gas,17,5.5,300,3000,SunExposed,0,0,0.1,Ground,1,0.3,1,0.7,0.9,0.5,0.7,0.2,0.4,1,0.8,0.2,0.1,3800,0.4,0.3,0.15,0.6,1,0,0.9,0.6,accool-gasheat,2,AirChanges/Hour,0,13,75,NoSun,0.0008,6.5,80,5,0.4,NoSun,MF_4bedroom,stoveelectric,2000,52,G01a 19mm gypsum board,5,SunExposed,286.4278564,2.630748189
35914.158,119466.9,54556.551,0,0,35914.158,0,709183.125,16753.5,651908.25,700800,255500,125400,627000,156600,774,73.1,3878,3,1000,0,33.075,29.4,3.675,10,0,33.075,18.522,0.294,0,0,2.058,0.0735,2,0.5,0,0.1,0.5,0.15,385.875,0,0,1,0,2573,7446,1314,730,209,365,156.6,2.25,3.689629467,USA_TX_Houston-Bush.Intercontinental.AP.722430_TMY3,Outdoors,600,0.95,8.10E-05,Electricity,10.5,3.5,350,3000,SunExposed,0,0,2,Adiabatic,10,0.8,0,0.9,0.1,0.7,0.9,1,0.1,0.9,0.9,1,0.8,3400,0.5,0.3,0.1,0.15,0.5,0,0.9,0.5,accool-gasheat,0.4,AirChanges/Hour,0,2.5,0,NoSun,0.0003,4.5,80,3,0.1,NoSun,MF_2bedroom_senior,stoveelectric,1000,52,8IN Concrete HW,10,NoSun,4.051272392,9.801605525
1135.726592,6697.2672,34054.47992,361.367552,0,774.35904,0,487017.44,11169,191154.4128,1752000,125100,31200,390000,176680,774,73.1,3878,1000,1000,13.312,6.656,8.32,0,1.5,0.93184,2.9952,0.4992,0,8.38656,2.9952,1.1648,0,1.7,4,0.1,0.7,0.4,0,86.528,1,0,1,0,2573,7446,1314,417,156,256,126.2,1.5,6.304437,USA_TX_Houston-Bush.Intercontinental.AP.722430_TMY3,Adiabatic,200,0.9,0.000121,Gas,5.2,3.2,300,2500,SunExposed,0,0,1.7,Adiabatic,1.5,0.5,0.8,0.4,0,0.2,0.7,0.9,0.4,0.3,0.1,0.5,1,4000,0.4,0.1,0.7,0.4,4,0,0.9,0.8,accool-gasheat,0.1,AirChanges/Hour,0,7,45,SunExposed,0.0004,5.38,200,0.5,0.7,NoSun,MF_1bedroom_senior,stoveelectric,1400,0,8IN Concrete HW,1.5,NoSun,6.338145256,0.534675119
17990.784,12864,25538.63435,16866.36,0,0,1124.424,1811392,11169,378432,700800,62550,93600,624000,0.30492,804,67.3,4462,1000,1000,10,14,14,18,4,5.4,0,2.52,2.52,0.6,0,1.68,1.08,1.7,1.5,0.7,0,0.6,0.1,160,1,1,0,1,2573,7446,1314,417,156,256,126.2,1.5,11.889822,USA_TX_San.Antonio.Intl.AP.722530_TMY3,Adiabatic,600,0.7,0.000121,Gas,8,2.5,150,4000,NoSun,0,0,1.7,Adiabatic,9,0.7,0.5,0.7,0.9,0.3,0.6,0,0.2,0.6,0.9,0.6,0.7,3600,0.6,0.7,0.8,0.1,1.5,0,0.9,0.3,accool-gasheat,0.1,AirChanges/Hour,0,11,15,SunExposed,0.0002,4.5,80,0.1,0.9,SunExposed,MF_1bedroom_senior,stovegas,1400,52,G01a 19mm gypsum board,4,SunExposed,11.80290794,0.730995437
9228.87,1581250,242267.8304,0,9228.87,0,0,2595937.5,17412,675021.875,700800,182500,83600,522500,195700,1265,64,4883,1000,1000,45,30,50,10,8,3.6,2.7,25,4.8,14.4,24.3,0,3.2,1.4,4,0.8,0.7,0.1,0.8,625,0,1,0,0,1278,5804,803,730,209,365,195.7,3,101.513385,USA_TX_Dallas-Fort.Worth.Intl.AP.722590_TMY3,Adiabatic,400,0.95,6.10E-05,Gas,12.5,4,250,2500,NoSun,0,0,1.4,Adiabatic,6,1,0.9,0.6,0.2,0.5,0.4,0.9,0.8,1,0.2,0.1,0.6,4000,0.1,0.8,0.7,0.8,4,0,1,0.5,accool-gasheat,2,AirChanges/Hour,0,13,30,NoSun,0.0008,5.38,80,7,0.9,SunExposed,MF_2bedroom,stoveelectric,1000,26,12IN Concrete HW,8,NoSun,100.6239014,0.876223005
3110.775,375801,741731.3371,0,0,0,3110.775,1393279.5,16753.5,2134593,350400,219000,41800,940500,187920,694,70.9,4366,2,10,95,66.5,19,28.5,7,0,66.5,9.12,1.425,28.5,0,6.08,1.425,0.1,6,0,0.7,0.8,0.5,1805,1,0,0,1,2573,7446,1314,730,209,365,156.6,2.25,105.241431,USA_TX_Austin-Mueller.Muni.AP.722540_TMY3,Outdoors,200,0.8,8.10E-05,Gas,19,5,300,4500,NoSun,0,0,0.1,Outdoors,10,0.2,1,0.7,0.3,0.8,0.3,1,0.1,0.6,0,1,0.5,4000,0.8,0.3,0.7,0.5,6,0,0.8,0.7,accool-gasheat,0.3,AirChanges/Hour,0,1.5,0,SunExposed,0.0008,4.5,40,2,0.4,NoSun,MF_2bedroom_senior,stoveelectric,1200,0,G01a 19mm gypsum board,7,SunExposed,101.0653915,3.968056515
223.7424,256760,16747.11706,223.7424,0,0,0,688842,11608,255755.5,2102400,62550,62400,390000,161880,1310,41,6659,1000,10,8.4,2.8,8.4,5.6,10,0.084,0,0,0,0.756,0,3.36,3.92,1.7,7,0.4,0,0,0,196,1,0,1,1,1278,5804,803,417,156,256,134.9,2,5.187827494,USA_TX_El.Paso.Intl.AP.722700_TMY3,Adiabatic,400,0.7,6.10E-05,Electricity,7,4,150,2500,SunExposed,0,0,1.7,Outdoors,10,0.3,0.3,0.1,0.2,0.4,0.1,0,0.7,0,0.1,0.5,0,3400,0.7,0.4,0.6,0.6,7,0,0.8,0.95,accool-gasheat,1,AirChanges/Hour,0,11,0,SunExposed,0.0001,6.5,240,0.5,0.2,NoSun,MF_1bedroom,stoveelectric,1200,10,G01a 19mm gypsum board,10,SunExposed,6.240147114,20.28439884
0,9675,15614.06786,0,0,0,0,141437.5,38766,90337.5,700800,219000,62700,627000,0.25856,774,73.1,3878,1000,1000,7.5,17.5,2.5,2.5,7,0.75,9.45,1.225,0,0.75,6.3,0.525,1.25,2,1,0.8,0.4,0.3,0,125,0,0,0,1,2263,6461,803,730,209,365,256.5,6,15.57933,USA_TX_Houston-Bush.Intercontinental.AP.722430_TMY3,Adiabatic,300,0.8,0.000101,Gas,5,5,300,3000,NoSun,0,0,2,Adiabatic,7,0.1,0.3,0.7,0.1,0.7,0.2,0.9,0.5,0.7,0.5,0.6,0,3200,0.3,0.8,0.4,0.15,1,0,0.9,0.95,accool-gasheat,0.1,AirChanges/Hour,0,2.5,30,NoSun,0.0003,4.5,80,2,0.2,NoSun,MF_3bedroom_affordable,stovegas,1000,10,12IN Concrete HW,7,SunExposed,15.31252193,1.712577277
3227.3472,119701.12,252127.0452,0,0,0,3227.3472,242067.84,11169,185431.68,2803200,41700,62400,468000,0.30996,694,70.9,4366,0.1,1000,9.24,6.16,15.4,12.32,5,4.62,3.3264,6.16,1.232,0,0.3696,6.16,11.088,1.7,2,0.2,0.15,0.2,0.6,172.48,0,0,0,1,2573,7446,1314,417,156,256,126.2,1.5,12.274023,USA_TX_Austin-Mueller.Muni.AP.722540_TMY3,Outdoors,400,0.7,0.000123,Electricity,5.6,5.5,100,3000,NoSun,0,0,1.7,Adiabatic,8,0.5,0.3,0.2,0.4,0.8,0.5,0.6,1,0.5,1,0.9,0.1,3600,0.2,0.2,0.15,0.6,2,0,1,0.8,accool-gasheat,1,AirChanges/Hour,0,3,0,NoSun,0.0004,4.5,320,0.1,0.1,NoSun,MF_1bedroom_senior,stovegas,1200,0,12IN Concrete HW,5,SunExposed,11.92994976,2.803263767
0,51814.4,29302.89371,0,0,0,0,1063296,11608,231264,2102400,125100,46800,468000,0.24752,506,76.7,3949,1000,1000,32,28.8,25.6,0,7,5.76,7.776,6.144,0,0.64,0.864,1.536,0,0.5,2,0.6,0.8,0.4,0,256,0,0,0,0,1278,5804,803,417,156,256,134.9,2,11.064745,USA_TX_Corpus.Christi.Intl.AP.722510_TMY3,Adiabatic,300,0.85,9.10E-05,Gas,8,4,300,3000,NoSun,0,0,0.5,Adiabatic,2,0.8,1,0.9,0,0.3,0.2,0.3,0.4,0.8,0.9,0.9,0.4,3200,0.4,0.6,0.8,0.3,2,0,0.8,0.3,accool-gasheat,0.4,AirChanges/Hour,0,13,75,NoSun,0.0003,4.5,240,0.1,0.2,NoSun,MF_1bedroom,stovegas,1000,0,G01a 19mm gypsum board,7,NoSun,11.20157528,1.23663292
12850.56,868320,83927.952,12850.56,0,0,0,1629360,16152.5,622100.16,1401600,62550,62400,780000,0.18225,804,67.3,4462,1000,1000,60,60,6,0,2,4.8,0,5.4,0,1.2,60,0.6,0,2,1,0.6,0,0.8,0,720,1,1,0,0,2263,6461,803,417,156,256,165.3,2.5,64.265303,USA_TX_San.Antonio.Intl.AP.722530_TMY3,Adiabatic,400,0.75,8.10E-05,Electricity,12,5,150,5000,NoSun,0,0,2,Adiabatic,6,0.1,1,1,0,1,0.1,1,0.4,0.9,0.8,0,1,3000,0.8,0.6,0.6,0.7,1,0,0.7,0.6,accool-gasheat,1.5,AirChanges/Hour,0,5,0,SunExposed,0.0006,5.38,160,6,0.2,SunExposed,MF_1bedroom_affordable,stovegas,1200,10,12IN Concrete HW,2,NoSun,67.54642487,5.105588416
3909.024,696600,282610.62,0,3909.024,0,0,3163050,11608,1174387.5,700800,41700,46800,468000,0.39729,774,73.1,3878,1000,1000,12,42,0,60,2,0,5.04,0,18,6,20.16,0,0,0.1,2,0,0.2,0,0.7,900,1,1,1,0,1278,5804,803,417,156,256,134.9,2,45.124617,USA_TX_Houston-Bush.Intercontinental.AP.722430_TMY3,Adiabatic,300,0.95,0.000123,Electricity,15,4,100,3000,SunExposed,0,0,0.1,Adiabatic,6,0,0.2,0.7,1,0.7,0.5,0.6,0.3,0.4,0,0.2,1,3400,0.15,0.7,0.2,0.7,2,0,1,0.7,accool-gasheat,1,AirChanges/Hour,0,11,15,SunExposed,0.0006,6.5,80,7,0.6,SunExposed,MF_1bedroom,stovegas,1600,26,12IN Concrete HW,2,NoSun,46.94720459,4.03900955
